order_id,order_date,bike_model,quantity
1,2024-01-01,Trailhawk 700,4
2,2024-01-01,Coastal Cruiser,2
3,2024-01-01,Coastal Cruiser,2
4,2024-01-01,Trailhawk 700,1
5,2024-01-01,Trailhawk 700,17
6,2024-01-01,Gravel Voyager,2
7,2024-01-01,Coastal Cruiser,4
8,2024-01-02,Summit Climber,1
9,2024-01-02,Kids Explorer 20,5
10,2024-01-03,Gravel Voyager,2
11,2024-01-03,Metro Commuter,3
12,2024-01-04,Kids Explorer 20,45
13,2024-01-05,Trailhawk 700,3
14,2024-01-05,Summit Climber,1
15,2024-01-05,Trailhawk 700,28
16,2024-01-05,Trailhawk 700,46
17,2024-01-06,Trailhawk 700,2
18,2024-01-06,Coastal Cruiser,2
19,2024-01-06,Metro Commuter,32
20,2024-01-07,Coastal Cruiser,1
21,2024-01-07,Trailhawk 700,4
22,2024-01-07,Kids Explorer 20,4
23,2024-01-07,Metro Commuter,1
24,2024-01-07,Metro Commuter,3
25,2024-01-08,Coastal Cruiser,2
26,2024-01-09,Kids Explorer 20,41
27,2024-01-09,Metro Commuter,1
28,2024-01-09,Coastal Cruiser,1
29,2024-01-09,Coastal Cruiser,2
30,2024-01-10,Coastal Cruiser,1
31,2024-01-10,Kids Explorer 20,5
32,2024-01-10,Summit Climber,4
33,2024-01-10,Trailhawk 700,4
34,2024-01-10,Kids Explorer 20,3
35,2024-01-11,Metro Commuter,1
36,2024-01-11,Metro Commuter,3
37,2024-01-12,Coastal Cruiser,4
38,2024-01-12,Gravel Voyager,5
39,2024-01-12,Coastal Cruiser,1
40,2024-01-12,Summit Climber,1
41,2024-01-12,Coastal Cruiser,1
42,2024-01-12,Coastal Cruiser,4
43,2024-01-13,Metro Commuter,1
44,2024-01-13,Trailhawk 700,4
45,2024-01-13,Trailhawk 700,1
46,2024-01-14,Trailhawk 700,4
47,2024-01-15,Trailhawk 700,1
48,2024-01-15,Coastal Cruiser,5
49,2024-01-15,Coastal Cruiser,1
50,2024-01-16,Kids Explorer 20,2
51,2024-01-16,Metro Commuter,1
52,2024-01-16,Kids Explorer 20,1
53,2024-01-16,Metro Commuter,2
54,2024-01-16,Trailhawk 700,1
55,2024-01-17,Kids Explorer 20,3
56,2024-01-17,Kids Explorer 20,1
57,2024-01-17,Kids Explorer 20,2
58,2024-01-17,Gravel Voyager,2
59,2024-01-17,Kids Explorer 20,1
60,2024-01-18,Coastal Cruiser,2
61,2024-01-18,Kids Explorer 20,2
62,2024-01-19,Gravel Voyager,44
63,2024-01-19,Trailhawk 700,1
64,2024-01-19,Summit Climber,1
65,2024-01-19,Gravel Voyager,3
66,2024-01-19,Gravel Voyager,3
67,2024-01-20,Gravel Voyager,1
68,2024-01-20,Summit Climber,2
69,2024-01-21,Trailhawk 700,24
70,2024-01-21,Summit Climber,1
71,2024-01-21,Kids Explorer 20,5
72,2024-01-21,Trailhawk 700,1
73,2024-01-21,Gravel Voyager,1
74,2024-01-22,Coastal Cruiser,1
75,2024-01-22,Coastal Cruiser,1
76,2024-01-22,Coastal Cruiser,2
77,2024-01-22,Metro Commuter,1
78,2024-01-23,Coastal Cruiser,1
79,2024-01-23,Summit Climber,2
80,2024-01-23,Trailhawk 700,1
81,2024-01-24,Trailhawk 700,1
82,2024-01-24,Metro Commuter,3
83,2024-01-24,Coastal Cruiser,2
84,2024-01-25,Metro Commuter,2
85,2024-01-26,Trailhawk 700,4
86,2024-01-26,Gravel Voyager,2
87,2024-01-26,Summit Climber,2
88,2024-01-27,Metro Commuter,4
89,2024-01-27,Summit Climber,1
90,2024-01-28,Trailhawk 700,4
91,2024-01-29,Gravel Voyager,2
92,2024-01-29,Gravel Voyager,1
93,2024-01-29,Trailhawk 700,2
94,2024-01-30,Gravel Voyager,4
95,2024-01-30,Trailhawk 700,14
96,2024-01-30,Coastal Cruiser,1
97,2024-01-30,Coastal Cruiser,1
98,2024-01-31,Gravel Voyager,1
99,2024-01-31,Summit Climber,3
100,2024-02-02,Trailhawk 700,1
101,2024-02-02,Summit Climber,4
102,2024-02-02,Metro Commuter,2
103,2024-02-03,Metro Commuter,3
104,2024-02-04,Trailhawk 700,2
105,2024-02-04,Kids Explorer 20,1
106,2024-02-05,Metro Commuter,2
107,2024-02-05,Trailhawk 700,1
108,2024-02-06,Trailhawk 700,2
109,2024-02-07,Gravel Voyager,1
110,2024-02-08,Trailhawk 700,1
111,2024-02-08,Summit Climber,1
112,2024-02-08,Trailhawk 700,2
113,2024-02-08,Coastal Cruiser,4
114,2024-02-09,Summit Climber,2
115,2024-02-09,Kids Explorer 20,1
116,2024-02-10,Kids Explorer 20,1
117,2024-02-10,Coastal Cruiser,2
118,2024-02-11,Coastal Cruiser,19
119,2024-02-11,Metro Commuter,2
120,2024-02-11,Coastal Cruiser,1
121,2024-02-11,Coastal Cruiser,1
122,2024-02-12,Metro Commuter,3
123,2024-02-12,Coastal Cruiser,32
124,2024-02-12,Metro Commuter,1
125,2024-02-12,Metro Commuter,1
126,2024-02-13,Metro Commuter,1
127,2024-02-13,Trailhawk 700,1
128,2024-02-16,Summit Climber,2
129,2024-02-17,Summit Climber,2
130,2024-02-18,Metro Commuter,5
131,2024-02-19,Trailhawk 700,1
132,2024-02-19,Gravel Voyager,2
133,2024-02-20,Summit Climber,2
134,2024-02-20,Trailhawk 700,2
135,2024-02-20,Coastal Cruiser,4
136,2024-02-20,Gravel Voyager,2
137,2024-02-21,Gravel Voyager,2
138,2024-02-21,Coastal Cruiser,1
139,2024-02-22,Coastal Cruiser,1
140,2024-02-22,Coastal Cruiser,3
141,2024-02-22,Kids Explorer 20,1
142,2024-02-22,Gravel Voyager,2
143,2024-02-23,Kids Explorer 20,2
144,2024-02-23,Summit Climber,23
145,2024-02-23,Coastal Cruiser,1
146,2024-02-23,Gravel Voyager,1
147,2024-02-23,Coastal Cruiser,1
148,2024-02-24,Gravel Voyager,1
149,2024-02-24,Trailhawk 700,2
150,2024-02-25,Metro Commuter,1
151,2024-02-25,Trailhawk 700,1
152,2024-02-25,Kids Explorer 20,25
153,2024-02-25,Kids Explorer 20,1
154,2024-02-26,Coastal Cruiser,3
155,2024-02-26,Trailhawk 700,1
156,2024-02-26,Gravel Voyager,1
157,2024-02-26,Coastal Cruiser,5
158,2024-02-26,Coastal Cruiser,1
159,2024-02-26,Metro Commuter,4
160,2024-02-27,Trailhawk 700,1
161,2024-02-27,Trailhawk 700,2
162,2024-02-28,Coastal Cruiser,50
163,2024-02-28,Metro Commuter,1
164,2024-02-28,Metro Commuter,1
165,2024-02-28,Gravel Voyager,1
166,2024-02-29,Coastal Cruiser,1
167,2024-02-29,Trailhawk 700,3
168,2024-03-01,Summit Climber,1
169,2024-03-01,Metro Commuter,1
170,2024-03-02,Metro Commuter,5
171,2024-03-03,Kids Explorer 20,2
172,2024-03-03,Metro Commuter,2
173,2024-03-03,Metro Commuter,2
174,2024-03-04,Gravel Voyager,2
175,2024-03-04,Kids Explorer 20,2
176,2024-03-05,Trailhawk 700,2
177,2024-03-05,Gravel Voyager,1
178,2024-03-05,Trailhawk 700,1
179,2024-03-05,Trailhawk 700,1
180,2024-03-05,Coastal Cruiser,2
181,2024-03-05,Trailhawk 700,1
182,2024-03-05,Kids Explorer 20,2
183,2024-03-06,Metro Commuter,2
184,2024-03-06,Trailhawk 700,3
185,2024-03-06,Metro Commuter,3
186,2024-03-07,Trailhawk 700,3
187,2024-03-08,Kids Explorer 20,1
188,2024-03-08,Gravel Voyager,3
189,2024-03-09,Summit Climber,2
190,2024-03-09,Trailhawk 700,1
191,2024-03-09,Kids Explorer 20,1
192,2024-03-09,Trailhawk 700,1
193,2024-03-09,Coastal Cruiser,2
194,2024-03-09,Metro Commuter,1
195,2024-03-10,Kids Explorer 20,3
196,2024-03-10,Coastal Cruiser,11
197,2024-03-10,Kids Explorer 20,1
198,2024-03-11,Metro Commuter,4
199,2024-03-11,Coastal Cruiser,4
200,2024-03-11,Trailhawk 700,1
201,2024-03-12,Coastal Cruiser,1
202,2024-03-12,Kids Explorer 20,2
203,2024-03-13,Kids Explorer 20,1
204,2024-03-13,Coastal Cruiser,1
205,2024-03-13,Coastal Cruiser,3
206,2024-03-13,Trailhawk 700,2
207,2024-03-13,Trailhawk 700,1
208,2024-03-13,Summit Climber,1
209,2024-03-14,Kids Explorer 20,2
210,2024-03-14,Trailhawk 700,38
211,2024-03-14,Kids Explorer 20,1
212,2024-03-14,Trailhawk 700,2
213,2024-03-14,Summit Climber,2
214,2024-03-15,Trailhawk 700,1
215,2024-03-16,Gravel Voyager,2
216,2024-03-16,Metro Commuter,1
217,2024-03-17,Gravel Voyager,1
218,2024-03-17,Metro Commuter,1
219,2024-03-18,Summit Climber,1
220,2024-03-19,Gravel Voyager,1
221,2024-03-20,Gravel Voyager,2
222,2024-03-20,Trailhawk 700,2
223,2024-03-20,Trailhawk 700,2
224,2024-03-21,Coastal Cruiser,1
225,2024-03-21,Gravel Voyager,1
226,2024-03-21,Kids Explorer 20,1
227,2024-03-21,Summit Climber,3
228,2024-03-21,Metro Commuter,3
229,2024-03-22,Summit Climber,2
230,2024-03-22,Coastal Cruiser,1
231,2024-03-22,Summit Climber,2
232,2024-03-22,Gravel Voyager,3
233,2024-03-23,Summit Climber,44
234,2024-03-23,Coastal Cruiser,1
235,2024-03-23,Kids Explorer 20,2
236,2024-03-23,Trailhawk 700,37
237,2024-03-23,Kids Explorer 20,2
238,2024-03-24,Gravel Voyager,3
239,2024-03-24,Trailhawk 700,2
240,2024-03-24,Trailhawk 700,4
241,2024-03-24,Summit Climber,2
242,2024-03-24,Summit Climber,4
243,2024-03-24,Metro Commuter,2
244,2024-03-25,Kids Explorer 20,1
245,2024-03-26,Gravel Voyager,2
246,2024-03-26,Gravel Voyager,2
247,2024-03-26,Metro Commuter,4
248,2024-03-26,Trailhawk 700,1
249,2024-03-26,Metro Commuter,1
250,2024-03-26,Trailhawk 700,3
251,2024-03-27,Summit Climber,2
252,2024-03-28,Gravel Voyager,14
253,2024-03-28,Trailhawk 700,1
254,2024-03-28,Metro Commuter,1
255,2024-03-28,Trailhawk 700,1
256,2024-03-28,Gravel Voyager,3
257,2024-03-28,Coastal Cruiser,2
258,2024-03-28,Gravel Voyager,16
259,2024-03-29,Metro Commuter,1
260,2024-03-29,Summit Climber,2
261,2024-03-29,Metro Commuter,3
262,2024-03-30,Gravel Voyager,2
263,2024-03-30,Trailhawk 700,2
264,2024-03-30,Coastal Cruiser,3
265,2024-03-30,Metro Commuter,1
266,2024-03-31,Kids Explorer 20,2
267,2024-03-31,Metro Commuter,4
268,2024-03-31,Summit Climber,2
269,2024-03-31,Gravel Voyager,5
270,2024-03-31,Summit Climber,4
271,2024-03-31,Summit Climber,1
272,2024-04-01,Summit Climber,3
273,2024-04-02,Coastal Cruiser,3
274,2024-04-03,Metro Commuter,3
275,2024-04-03,Gravel Voyager,2
276,2024-04-03,Kids Explorer 20,30
277,2024-04-04,Summit Climber,1
278,2024-04-04,Trailhawk 700,1
279,2024-04-04,Metro Commuter,3
280,2024-04-04,Metro Commuter,1
281,2024-04-05,Trailhawk 700,2
282,2024-04-05,Metro Commuter,1
283,2024-04-05,Coastal Cruiser,4
284,2024-04-06,Metro Commuter,1
285,2024-04-06,Coastal Cruiser,1
286,2024-04-06,Trailhawk 700,1
287,2024-04-07,Gravel Voyager,3
288,2024-04-07,Trailhawk 700,1
289,2024-04-07,Summit Climber,1
290,2024-04-07,Trailhawk 700,2
291,2024-04-08,Gravel Voyager,1
292,2024-04-08,Metro Commuter,2
293,2024-04-08,Metro Commuter,4
294,2024-04-08,Metro Commuter,1
295,2024-04-09,Trailhawk 700,2
296,2024-04-10,Kids Explorer 20,1
297,2024-04-10,Trailhawk 700,23
298,2024-04-10,Summit Climber,4
299,2024-04-10,Trailhawk 700,32
300,2024-04-11,Coastal Cruiser,45
301,2024-04-11,Kids Explorer 20,20
302,2024-04-11,Metro Commuter,1
303,2024-04-12,Gravel Voyager,3
304,2024-04-12,Summit Climber,26
305,2024-04-12,Coastal Cruiser,1
306,2024-04-12,Coastal Cruiser,1
307,2024-04-12,Kids Explorer 20,4
308,2024-04-13,Kids Explorer 20,2
309,2024-04-13,Metro Commuter,1
310,2024-04-14,Trailhawk 700,13
311,2024-04-14,Coastal Cruiser,3
312,2024-04-14,Trailhawk 700,4
313,2024-04-15,Metro Commuter,1
314,2024-04-15,Trailhawk 700,1
315,2024-04-15,Gravel Voyager,1
316,2024-04-15,Gravel Voyager,1
317,2024-04-16,Gravel Voyager,2
318,2024-04-16,Gravel Voyager,5
319,2024-04-17,Trailhawk 700,1
320,2024-04-17,Trailhawk 700,3
321,2024-04-18,Summit Climber,3
322,2024-04-18,Metro Commuter,3
323,2024-04-18,Coastal Cruiser,1
324,2024-04-18,Summit Climber,4
325,2024-04-19,Gravel Voyager,2
326,2024-04-19,Metro Commuter,1
327,2024-04-20,Metro Commuter,1
328,2024-04-20,Metro Commuter,1
329,2024-04-20,Metro Commuter,1
330,2024-04-21,Trailhawk 700,2
331,2024-04-21,Gravel Voyager,1
332,2024-04-21,Gravel Voyager,1
333,2024-04-21,Trailhawk 700,4
334,2024-04-21,Trailhawk 700,1
335,2024-04-22,Kids Explorer 20,1
336,2024-04-22,Trailhawk 700,2
337,2024-04-22,Trailhawk 700,2
338,2024-04-22,Summit Climber,2
339,2024-04-22,Summit Climber,1
340,2024-04-22,Summit Climber,2
341,2024-04-23,Coastal Cruiser,4
342,2024-04-23,Trailhawk 700,2
343,2024-04-23,Summit Climber,1
344,2024-04-24,Coastal Cruiser,2
345,2024-04-24,Gravel Voyager,2
346,2024-04-24,Coastal Cruiser,16
347,2024-04-24,Gravel Voyager,2
348,2024-04-25,Summit Climber,20
349,2024-04-26,Kids Explorer 20,41
350,2024-04-26,Metro Commuter,5
351,2024-04-27,Gravel Voyager,3
352,2024-04-27,Coastal Cruiser,2
353,2024-04-27,Metro Commuter,1
354,2024-04-27,Metro Commuter,3
355,2024-04-27,Metro Commuter,1
356,2024-04-27,Summit Climber,3
357,2024-04-28,Gravel Voyager,2
358,2024-04-28,Trailhawk 700,5
359,2024-04-29,Coastal Cruiser,1
360,2024-04-30,Coastal Cruiser,1
361,2024-04-30,Kids Explorer 20,4
362,2024-04-30,Coastal Cruiser,1
363,2024-04-30,Trailhawk 700,4
364,2024-04-30,Summit Climber,20
365,2024-05-01,Gravel Voyager,2
366,2024-05-01,Coastal Cruiser,3
367,2024-05-01,Gravel Voyager,3
368,2024-05-01,Trailhawk 700,3
369,2024-05-02,Trailhawk 700,1
370,2024-05-02,Gravel Voyager,3
371,2024-05-02,Trailhawk 700,1
372,2024-05-03,Kids Explorer 20,12
373,2024-05-03,Coastal Cruiser,3
374,2024-05-03,Coastal Cruiser,1
375,2024-05-04,Summit Climber,1
376,2024-05-04,Gravel Voyager,2
377,2024-05-04,Coastal Cruiser,2
378,2024-05-04,Summit Climber,4
379,2024-05-05,Summit Climber,37
380,2024-05-05,Metro Commuter,1
381,2024-05-06,Metro Commuter,3
382,2024-05-07,Summit Climber,2
383,2024-05-07,Metro Commuter,1
384,2024-05-07,Gravel Voyager,4
385,2024-05-07,Coastal Cruiser,4
386,2024-05-08,Coastal Cruiser,4
387,2024-05-08,Trailhawk 700,1
388,2024-05-08,Coastal Cruiser,2
389,2024-05-08,Gravel Voyager,42
390,2024-05-08,Metro Commuter,4
391,2024-05-09,Gravel Voyager,1
392,2024-05-09,Metro Commuter,2
393,2024-05-10,Gravel Voyager,1
394,2024-05-10,Metro Commuter,4
395,2024-05-10,Trailhawk 700,39
396,2024-05-11,Coastal Cruiser,2
397,2024-05-12,Trailhawk 700,1
398,2024-05-12,Kids Explorer 20,2
399,2024-05-13,Summit Climber,1
400,2024-05-13,Metro Commuter,3
401,2024-05-13,Summit Climber,1
402,2024-05-14,Trailhawk 700,1
403,2024-05-14,Metro Commuter,3
404,2024-05-15,Summit Climber,2
405,2024-05-16,Gravel Voyager,1
406,2024-05-16,Kids Explorer 20,2
407,2024-05-16,Coastal Cruiser,1
408,2024-05-16,Gravel Voyager,2
409,2024-05-16,Gravel Voyager,3
410,2024-05-17,Coastal Cruiser,1
411,2024-05-17,Coastal Cruiser,39
412,2024-05-17,Gravel Voyager,2
413,2024-05-18,Metro Commuter,1
414,2024-05-18,Trailhawk 700,4
415,2024-05-18,Coastal Cruiser,25
416,2024-05-18,Coastal Cruiser,1
417,2024-05-18,Kids Explorer 20,1
418,2024-05-20,Coastal Cruiser,1
419,2024-05-20,Coastal Cruiser,3
420,2024-05-20,Summit Climber,4
421,2024-05-20,Kids Explorer 20,2
422,2024-05-20,Metro Commuter,1
423,2024-05-21,Gravel Voyager,1
424,2024-05-21,Gravel Voyager,1
425,2024-05-22,Metro Commuter,1
426,2024-05-22,Metro Commuter,1
427,2024-05-22,Kids Explorer 20,1
428,2024-05-22,Kids Explorer 20,2
429,2024-05-22,Metro Commuter,1
430,2024-05-22,Trailhawk 700,3
431,2024-05-22,Coastal Cruiser,2
432,2024-05-23,Gravel Voyager,1
433,2024-05-23,Trailhawk 700,5
434,2024-05-24,Summit Climber,4
435,2024-05-24,Summit Climber,1
436,2024-05-24,Coastal Cruiser,1
437,2024-05-24,Summit Climber,1
438,2024-05-24,Metro Commuter,1
439,2024-05-24,Kids Explorer 20,1
440,2024-05-25,Gravel Voyager,1
441,2024-05-25,Metro Commuter,1
442,2024-05-25,Metro Commuter,2
443,2024-05-26,Kids Explorer 20,4
444,2024-05-26,Kids Explorer 20,1
445,2024-05-26,Trailhawk 700,2
446,2024-05-27,Kids Explorer 20,1
447,2024-05-27,Metro Commuter,3
448,2024-05-27,Metro Commuter,2
449,2024-05-27,Trailhawk 700,3
450,2024-05-28,Gravel Voyager,4
451,2024-05-28,Trailhawk 700,1
452,2024-05-28,Gravel Voyager,2
453,2024-05-29,Gravel Voyager,5
454,2024-05-29,Trailhawk 700,1
455,2024-05-29,Metro Commuter,35
456,2024-05-30,Trailhawk 700,3
457,2024-05-31,Gravel Voyager,1
458,2024-05-31,Metro Commuter,2
459,2024-05-31,Coastal Cruiser,3
460,2024-06-01,Summit Climber,1
461,2024-06-01,Gravel Voyager,3
462,2024-06-02,Kids Explorer 20,44
463,2024-06-02,Summit Climber,2
464,2024-06-02,Kids Explorer 20,2
465,2024-06-02,Metro Commuter,4
466,2024-06-02,Summit Climber,3
467,2024-06-02,Coastal Cruiser,2
468,2024-06-03,Trailhawk 700,2
469,2024-06-03,Gravel Voyager,3
470,2024-06-04,Coastal Cruiser,1
471,2024-06-04,Coastal Cruiser,1
472,2024-06-04,Metro Commuter,1
473,2024-06-04,Coastal Cruiser,1
474,2024-06-04,Summit Climber,2
475,2024-06-05,Kids Explorer 20,1
476,2024-06-05,Coastal Cruiser,3
477,2024-06-05,Coastal Cruiser,3
478,2024-06-05,Gravel Voyager,3
479,2024-06-05,Trailhawk 700,27
480,2024-06-06,Trailhawk 700,1
481,2024-06-06,Kids Explorer 20,3
482,2024-06-07,Coastal Cruiser,1
483,2024-06-07,Summit Climber,2
484,2024-06-07,Trailhawk 700,1
485,2024-06-08,Coastal Cruiser,1
486,2024-06-08,Summit Climber,3
487,2024-06-08,Kids Explorer 20,1
488,2024-06-09,Trailhawk 700,1
489,2024-06-09,Trailhawk 700,2
490,2024-06-09,Summit Climber,3
491,2024-06-09,Summit Climber,29
492,2024-06-09,Metro Commuter,1
493,2024-06-10,Gravel Voyager,2
494,2024-06-10,Coastal Cruiser,2
495,2024-06-10,Gravel Voyager,5
496,2024-06-11,Coastal Cruiser,1
497,2024-06-11,Metro Commuter,1
498,2024-06-12,Metro Commuter,4
499,2024-06-12,Summit Climber,2
500,2024-06-12,Summit Climber,2
501,2024-06-13,Trailhawk 700,3
502,2024-06-13,Coastal Cruiser,4
503,2024-06-13,Trailhawk 700,1
504,2024-06-14,Trailhawk 700,1
505,2024-06-14,Summit Climber,1
506,2024-06-14,Gravel Voyager,2
507,2024-06-14,Gravel Voyager,5
508,2024-06-14,Summit Climber,1
509,2024-06-14,Gravel Voyager,1
510,2024-06-15,Gravel Voyager,4
511,2024-06-15,Metro Commuter,5
512,2024-06-15,Trailhawk 700,2
513,2024-06-16,Trailhawk 700,3
514,2024-06-17,Metro Commuter,3
515,2024-06-17,Trailhawk 700,2
516,2024-06-18,Gravel Voyager,3
517,2024-06-19,Trailhawk 700,2
518,2024-06-19,Kids Explorer 20,2
519,2024-06-19,Coastal Cruiser,3
520,2024-06-19,Coastal Cruiser,1
521,2024-06-19,Metro Commuter,1
522,2024-06-20,Trailhawk 700,4
523,2024-06-20,Trailhawk 700,4
524,2024-06-20,Summit Climber,2
525,2024-06-20,Kids Explorer 20,4
526,2024-06-21,Trailhawk 700,2
527,2024-06-21,Gravel Voyager,1
528,2024-06-21,Metro Commuter,5
529,2024-06-21,Gravel Voyager,1
530,2024-06-21,Trailhawk 700,2
531,2024-06-22,Gravel Voyager,1
532,2024-06-22,Trailhawk 700,1
533,2024-06-23,Gravel Voyager,1
534,2024-06-23,Gravel Voyager,1
535,2024-06-23,Summit Climber,17
536,2024-06-23,Kids Explorer 20,20
537,2024-06-23,Summit Climber,1
538,2024-06-23,Gravel Voyager,2
539,2024-06-25,Metro Commuter,2
540,2024-06-26,Trailhawk 700,4
541,2024-06-26,Trailhawk 700,3
542,2024-06-26,Metro Commuter,4
543,2024-06-26,Metro Commuter,4
544,2024-06-26,Coastal Cruiser,2
545,2024-06-27,Trailhawk 700,2
546,2024-06-27,Trailhawk 700,1
547,2024-06-27,Metro Commuter,1
548,2024-06-27,Coastal Cruiser,1
549,2024-06-28,Summit Climber,1
550,2024-06-28,Coastal Cruiser,2
551,2024-06-28,Trailhawk 700,3
552,2024-06-28,Metro Commuter,1
553,2024-06-29,Trailhawk 700,1
554,2024-06-29,Coastal Cruiser,1
555,2024-06-29,Gravel Voyager,1
556,2024-06-30,Metro Commuter,1
557,2024-06-30,Metro Commuter,2
558,2024-07-01,Trailhawk 700,2
559,2024-07-01,Trailhawk 700,2
560,2024-07-01,Metro Commuter,2
561,2024-07-01,Trailhawk 700,3
562,2024-07-01,Trailhawk 700,4
563,2024-07-01,Summit Climber,1
564,2024-07-02,Coastal Cruiser,1
565,2024-07-02,Gravel Voyager,1
566,2024-07-02,Kids Explorer 20,2
567,2024-07-03,Metro Commuter,3
568,2024-07-04,Kids Explorer 20,5
569,2024-07-04,Trailhawk 700,3
570,2024-07-04,Coastal Cruiser,4
571,2024-07-04,Coastal Cruiser,1
572,2024-07-05,Coastal Cruiser,2
573,2024-07-05,Kids Explorer 20,1
574,2024-07-06,Metro Commuter,3
575,2024-07-06,Trailhawk 700,1
576,2024-07-06,Metro Commuter,5
577,2024-07-06,Trailhawk 700,1
578,2024-07-06,Gravel Voyager,1
579,2024-07-06,Gravel Voyager,4
580,2024-07-06,Metro Commuter,3
581,2024-07-07,Metro Commuter,3
582,2024-07-07,Gravel Voyager,1
583,2024-07-07,Kids Explorer 20,3
584,2024-07-08,Coastal Cruiser,2
585,2024-07-08,Coastal Cruiser,1
586,2024-07-08,Coastal Cruiser,1
587,2024-07-08,Kids Explorer 20,1
588,2024-07-08,Metro Commuter,1
589,2024-07-08,Trailhawk 700,2
590,2024-07-08,Trailhawk 700,2
591,2024-07-09,Coastal Cruiser,1
592,2024-07-09,Summit Climber,4
593,2024-07-10,Kids Explorer 20,2
594,2024-07-10,Metro Commuter,1
595,2024-07-10,Kids Explorer 20,1
596,2024-07-10,Metro Commuter,1
597,2024-07-10,Coastal Cruiser,1
598,2024-07-11,Coastal Cruiser,1
599,2024-07-11,Gravel Voyager,2
600,2024-07-11,Trailhawk 700,2
601,2024-07-11,Kids Explorer 20,2
602,2024-07-12,Trailhawk 700,3
603,2024-07-12,Coastal Cruiser,4
604,2024-07-12,Metro Commuter,33
605,2024-07-12,Metro Commuter,2
606,2024-07-13,Kids Explorer 20,3
607,2024-07-14,Metro Commuter,4
608,2024-07-14,Metro Commuter,2
609,2024-07-14,Coastal Cruiser,1
610,2024-07-14,Kids Explorer 20,3
611,2024-07-15,Gravel Voyager,5
612,2024-07-15,Gravel Voyager,1
613,2024-07-16,Metro Commuter,37
614,2024-07-16,Kids Explorer 20,3
615,2024-07-17,Summit Climber,4
616,2024-07-17,Metro Commuter,2
617,2024-07-17,Coastal Cruiser,1
618,2024-07-18,Kids Explorer 20,2
619,2024-07-18,Metro Commuter,3
620,2024-07-18,Coastal Cruiser,2
621,2024-07-19,Trailhawk 700,5
622,2024-07-20,Metro Commuter,2
623,2024-07-20,Coastal Cruiser,1
624,2024-07-20,Trailhawk 700,1
625,2024-07-21,Kids Explorer 20,2
626,2024-07-21,Coastal Cruiser,3
627,2024-07-21,Summit Climber,1
628,2024-07-22,Coastal Cruiser,1
629,2024-07-22,Trailhawk 700,2
630,2024-07-22,Trailhawk 700,3
631,2024-07-22,Metro Commuter,1
632,2024-07-22,Metro Commuter,3
633,2024-07-22,Metro Commuter,3
634,2024-07-23,Coastal Cruiser,1
635,2024-07-23,Trailhawk 700,2
636,2024-07-23,Trailhawk 700,12
637,2024-07-23,Metro Commuter,4
638,2024-07-23,Kids Explorer 20,1
639,2024-07-24,Trailhawk 700,40
640,2024-07-25,Coastal Cruiser,1
641,2024-07-25,Coastal Cruiser,2
642,2024-07-25,Trailhawk 700,2
643,2024-07-25,Coastal Cruiser,4
644,2024-07-26,Trailhawk 700,1
645,2024-07-26,Summit Climber,1
646,2024-07-26,Metro Commuter,2
647,2024-07-27,Summit Climber,2
648,2024-07-28,Kids Explorer 20,5
649,2024-07-28,Kids Explorer 20,5
650,2024-07-28,Trailhawk 700,3
651,2024-07-28,Coastal Cruiser,1
652,2024-07-28,Coastal Cruiser,2
653,2024-07-28,Trailhawk 700,1
654,2024-07-29,Coastal Cruiser,1
655,2024-07-29,Trailhawk 700,35
656,2024-07-30,Coastal Cruiser,13
657,2024-07-31,Metro Commuter,4
658,2024-07-31,Metro Commuter,1
659,2024-08-01,Metro Commuter,1
660,2024-08-02,Gravel Voyager,3
661,2024-08-02,Kids Explorer 20,4
662,2024-08-02,Gravel Voyager,1
663,2024-08-02,Gravel Voyager,5
664,2024-08-03,Coastal Cruiser,4
665,2024-08-03,Summit Climber,4
666,2024-08-03,Metro Commuter,2
667,2024-08-03,Coastal Cruiser,3
668,2024-08-04,Kids Explorer 20,3
669,2024-08-04,Coastal Cruiser,1
670,2024-08-04,Kids Explorer 20,5
671,2024-08-04,Metro Commuter,19
672,2024-08-04,Summit Climber,2
673,2024-08-04,Metro Commuter,1
674,2024-08-04,Metro Commuter,2
675,2024-08-05,Trailhawk 700,3
676,2024-08-05,Gravel Voyager,1
677,2024-08-06,Trailhawk 700,1
678,2024-08-06,Gravel Voyager,5
679,2024-08-06,Trailhawk 700,2
680,2024-08-06,Trailhawk 700,3
681,2024-08-07,Kids Explorer 20,2
682,2024-08-07,Coastal Cruiser,1
683,2024-08-07,Gravel Voyager,1
684,2024-08-08,Coastal Cruiser,1
685,2024-08-08,Metro Commuter,1
686,2024-08-08,Gravel Voyager,4
687,2024-08-08,Gravel Voyager,3
688,2024-08-08,Coastal Cruiser,1
689,2024-08-09,Metro Commuter,37
690,2024-08-10,Coastal Cruiser,44
691,2024-08-10,Gravel Voyager,1
692,2024-08-11,Kids Explorer 20,1
693,2024-08-11,Coastal Cruiser,1
694,2024-08-11,Gravel Voyager,1
695,2024-08-11,Kids Explorer 20,3
696,2024-08-11,Metro Commuter,45
697,2024-08-12,Metro Commuter,5
698,2024-08-12,Coastal Cruiser,1
699,2024-08-12,Metro Commuter,1
700,2024-08-12,Metro Commuter,2
701,2024-08-13,Gravel Voyager,2
702,2024-08-13,Coastal Cruiser,1
703,2024-08-13,Metro Commuter,3
704,2024-08-13,Trailhawk 700,2
705,2024-08-13,Trailhawk 700,4
706,2024-08-13,Trailhawk 700,19
707,2024-08-13,Metro Commuter,2
708,2024-08-14,Kids Explorer 20,2
709,2024-08-14,Metro Commuter,1
710,2024-08-14,Kids Explorer 20,5
711,2024-08-15,Metro Commuter,1
712,2024-08-15,Trailhawk 700,30
713,2024-08-16,Trailhawk 700,2
714,2024-08-16,Trailhawk 700,1
715,2024-08-16,Metro Commuter,1
716,2024-08-16,Summit Climber,2
717,2024-08-16,Trailhawk 700,5
718,2024-08-17,Trailhawk 700,3
719,2024-08-17,Trailhawk 700,3
720,2024-08-17,Trailhawk 700,1
721,2024-08-17,Metro Commuter,1
722,2024-08-18,Trailhawk 700,1
723,2024-08-18,Summit Climber,2
724,2024-08-18,Trailhawk 700,1
725,2024-08-19,Trailhawk 700,1
726,2024-08-19,Gravel Voyager,1
727,2024-08-19,Summit Climber,2
728,2024-08-19,Coastal Cruiser,1
729,2024-08-20,Gravel Voyager,5
730,2024-08-20,Metro Commuter,1
731,2024-08-22,Trailhawk 700,1
732,2024-08-23,Trailhawk 700,3
733,2024-08-23,Gravel Voyager,1
734,2024-08-23,Trailhawk 700,3
735,2024-08-23,Summit Climber,5
736,2024-08-23,Trailhawk 700,1
737,2024-08-24,Trailhawk 700,2
738,2024-08-24,Trailhawk 700,1
739,2024-08-24,Metro Commuter,1
740,2024-08-24,Trailhawk 700,5
741,2024-08-24,Summit Climber,1
742,2024-08-24,Trailhawk 700,1
743,2024-08-24,Coastal Cruiser,2
744,2024-08-24,Trailhawk 700,4
745,2024-08-25,Summit Climber,1
746,2024-08-25,Trailhawk 700,1
747,2024-08-25,Gravel Voyager,1
748,2024-08-25,Coastal Cruiser,32
749,2024-08-26,Coastal Cruiser,2
750,2024-08-26,Trailhawk 700,3
751,2024-08-27,Summit Climber,4
752,2024-08-27,Kids Explorer 20,1
753,2024-08-28,Trailhawk 700,3
754,2024-08-28,Metro Commuter,2
755,2024-08-28,Coastal Cruiser,4
756,2024-08-28,Summit Climber,1
757,2024-08-28,Trailhawk 700,1
758,2024-08-29,Coastal Cruiser,1
759,2024-08-29,Kids Explorer 20,3
760,2024-08-29,Metro Commuter,2
761,2024-08-30,Summit Climber,1
762,2024-08-30,Coastal Cruiser,1
763,2024-08-30,Summit Climber,2
764,2024-08-31,Trailhawk 700,5
765,2024-09-01,Metro Commuter,3
766,2024-09-01,Gravel Voyager,1
767,2024-09-01,Gravel Voyager,3
768,2024-09-02,Trailhawk 700,1
769,2024-09-02,Trailhawk 700,1
770,2024-09-03,Coastal Cruiser,1
771,2024-09-03,Trailhawk 700,1
772,2024-09-03,Coastal Cruiser,3
773,2024-09-03,Coastal Cruiser,4
774,2024-09-04,Trailhawk 700,1
775,2024-09-04,Trailhawk 700,4
776,2024-09-04,Metro Commuter,2
777,2024-09-04,Kids Explorer 20,3
778,2024-09-05,Metro Commuter,2
779,2024-09-05,Summit Climber,29
780,2024-09-05,Metro Commuter,24
781,2024-09-06,Coastal Cruiser,3
782,2024-09-06,Trailhawk 700,18
783,2024-09-06,Gravel Voyager,2
784,2024-09-07,Gravel Voyager,2
785,2024-09-08,Coastal Cruiser,37
786,2024-09-08,Kids Explorer 20,5
787,2024-09-08,Trailhawk 700,1
788,2024-09-08,Coastal Cruiser,44
789,2024-09-09,Gravel Voyager,1
790,2024-09-09,Metro Commuter,3
791,2024-09-09,Trailhawk 700,1
792,2024-09-09,Summit Climber,2
793,2024-09-09,Kids Explorer 20,2
794,2024-09-09,Trailhawk 700,5
795,2024-09-10,Gravel Voyager,4
796,2024-09-10,Trailhawk 700,1
797,2024-09-10,Summit Climber,2
798,2024-09-10,Metro Commuter,4
799,2024-09-12,Trailhawk 700,5
800,2024-09-12,Summit Climber,43
801,2024-09-12,Trailhawk 700,4
802,2024-09-13,Gravel Voyager,2
803,2024-09-13,Summit Climber,1
804,2024-09-14,Kids Explorer 20,42
805,2024-09-15,Trailhawk 700,1
806,2024-09-15,Gravel Voyager,1
807,2024-09-15,Trailhawk 700,11
808,2024-09-15,Gravel Voyager,2
809,2024-09-16,Trailhawk 700,1
810,2024-09-16,Metro Commuter,3
811,2024-09-16,Coastal Cruiser,41
812,2024-09-16,Gravel Voyager,1
813,2024-09-16,Coastal Cruiser,2
814,2024-09-17,Coastal Cruiser,1
815,2024-09-17,Coastal Cruiser,1
816,2024-09-18,Kids Explorer 20,1
817,2024-09-18,Coastal Cruiser,2
818,2024-09-19,Metro Commuter,2
819,2024-09-20,Metro Commuter,5
820,2024-09-20,Gravel Voyager,1
821,2024-09-21,Gravel Voyager,3
822,2024-09-22,Gravel Voyager,4
823,2024-09-22,Coastal Cruiser,1
824,2024-09-23,Metro Commuter,2
825,2024-09-23,Metro Commuter,3
826,2024-09-23,Metro Commuter,2
827,2024-09-24,Kids Explorer 20,1
828,2024-09-24,Coastal Cruiser,4
829,2024-09-24,Coastal Cruiser,3
830,2024-09-24,Coastal Cruiser,2
831,2024-09-25,Trailhawk 700,27
832,2024-09-25,Gravel Voyager,1
833,2024-09-25,Gravel Voyager,3
834,2024-09-25,Summit Climber,4
835,2024-09-25,Kids Explorer 20,1
836,2024-09-25,Gravel Voyager,2
837,2024-09-26,Gravel Voyager,2
838,2024-09-26,Metro Commuter,2
839,2024-09-26,Trailhawk 700,30
840,2024-09-26,Gravel Voyager,1
841,2024-09-26,Gravel Voyager,2
842,2024-09-26,Metro Commuter,1
843,2024-09-27,Trailhawk 700,1
844,2024-09-27,Kids Explorer 20,1
845,2024-09-27,Gravel Voyager,1
846,2024-09-27,Metro Commuter,46
847,2024-09-27,Summit Climber,1
848,2024-09-28,Summit Climber,1
849,2024-09-29,Kids Explorer 20,3
850,2024-09-29,Kids Explorer 20,5
851,2024-09-29,Metro Commuter,1
852,2024-09-29,Metro Commuter,2
853,2024-09-29,Kids Explorer 20,1
854,2024-09-29,Gravel Voyager,5
855,2024-09-29,Coastal Cruiser,4
856,2024-09-30,Summit Climber,1
857,2024-09-30,Metro Commuter,48
858,2024-09-30,Coastal Cruiser,3
859,2024-10-01,Metro Commuter,1
860,2024-10-01,Trailhawk 700,1
861,2024-10-02,Trailhawk 700,1
862,2024-10-02,Coastal Cruiser,1
863,2024-10-03,Trailhawk 700,3
864,2024-10-03,Kids Explorer 20,1
865,2024-10-04,Trailhawk 700,1
866,2024-10-04,Metro Commuter,2
867,2024-10-04,Gravel Voyager,5
868,2024-10-05,Coastal Cruiser,1
869,2024-10-05,Gravel Voyager,30
870,2024-10-05,Coastal Cruiser,1
871,2024-10-06,Metro Commuter,2
872,2024-10-06,Trailhawk 700,3
873,2024-10-06,Trailhawk 700,5
874,2024-10-07,Metro Commuter,1
875,2024-10-07,Metro Commuter,1
876,2024-10-07,Trailhawk 700,4
877,2024-10-07,Trailhawk 700,2
878,2024-10-07,Summit Climber,2
879,2024-10-08,Metro Commuter,1
880,2024-10-08,Gravel Voyager,1
881,2024-10-09,Gravel Voyager,2
882,2024-10-09,Coastal Cruiser,4
883,2024-10-09,Metro Commuter,2
884,2024-10-09,Metro Commuter,3
885,2024-10-10,Gravel Voyager,2
886,2024-10-10,Metro Commuter,4
887,2024-10-10,Trailhawk 700,3
888,2024-10-11,Kids Explorer 20,4
889,2024-10-12,Gravel Voyager,1
890,2024-10-13,Gravel Voyager,10
891,2024-10-13,Kids Explorer 20,2
892,2024-10-13,Gravel Voyager,4
893,2024-10-13,Trailhawk 700,1
894,2024-10-14,Summit Climber,2
895,2024-10-14,Summit Climber,30
896,2024-10-15,Kids Explorer 20,4
897,2024-10-15,Kids Explorer 20,2
898,2024-10-15,Coastal Cruiser,1
899,2024-10-15,Trailhawk 700,1
900,2024-10-15,Coastal Cruiser,3
901,2024-10-15,Trailhawk 700,1
902,2024-10-16,Trailhawk 700,4
903,2024-10-16,Trailhawk 700,1
904,2024-10-17,Summit Climber,31
905,2024-10-17,Trailhawk 700,3
906,2024-10-17,Summit Climber,2
907,2024-10-18,Gravel Voyager,5
908,2024-10-19,Trailhawk 700,24
909,2024-10-19,Metro Commuter,2
910,2024-10-19,Coastal Cruiser,2
911,2024-10-19,Kids Explorer 20,1
912,2024-10-20,Gravel Voyager,18
913,2024-10-20,Summit Climber,5
914,2024-10-20,Gravel Voyager,1
915,2024-10-20,Metro Commuter,1
916,2024-10-20,Trailhawk 700,1
917,2024-10-21,Coastal Cruiser,4
918,2024-10-21,Trailhawk 700,1
919,2024-10-21,Coastal Cruiser,1
920,2024-10-22,Gravel Voyager,2
921,2024-10-22,Coastal Cruiser,4
922,2024-10-22,Summit Climber,3
923,2024-10-22,Kids Explorer 20,2
924,2024-10-22,Trailhawk 700,4
925,2024-10-22,Gravel Voyager,1
926,2024-10-24,Metro Commuter,1
927,2024-10-24,Summit Climber,1
928,2024-10-24,Metro Commuter,3
929,2024-10-25,Coastal Cruiser,2
930,2024-10-25,Coastal Cruiser,2
931,2024-10-26,Kids Explorer 20,1
932,2024-10-26,Trailhawk 700,1
933,2024-10-26,Gravel Voyager,2
934,2024-10-27,Metro Commuter,2
935,2024-10-27,Gravel Voyager,1
936,2024-10-27,Coastal Cruiser,2
937,2024-10-28,Trailhawk 700,1
938,2024-10-28,Kids Explorer 20,4
939,2024-10-28,Trailhawk 700,1
940,2024-10-28,Metro Commuter,1
941,2024-10-28,Trailhawk 700,2
942,2024-10-29,Kids Explorer 20,1
943,2024-10-30,Metro Commuter,2
944,2024-10-30,Metro Commuter,2
945,2024-10-31,Coastal Cruiser,1
946,2024-10-31,Metro Commuter,1
947,2024-11-01,Trailhawk 700,4
948,2024-11-01,Metro Commuter,2
949,2024-11-01,Gravel Voyager,2
950,2024-11-01,Summit Climber,1
951,2024-11-03,Trailhawk 700,4
952,2024-11-04,Kids Explorer 20,1
953,2024-11-05,Kids Explorer 20,2
954,2024-11-05,Coastal Cruiser,1
955,2024-11-06,Trailhawk 700,3
956,2024-11-06,Summit Climber,3
957,2024-11-06,Trailhawk 700,15
958,2024-11-06,Summit Climber,3
959,2024-11-07,Gravel Voyager,4
960,2024-11-07,Metro Commuter,2
961,2024-11-08,Trailhawk 700,40
962,2024-11-08,Coastal Cruiser,2
963,2024-11-08,Kids Explorer 20,1
964,2024-11-08,Trailhawk 700,1
965,2024-11-08,Coastal Cruiser,1
966,2024-11-08,Metro Commuter,3
967,2024-11-08,Gravel Voyager,3
968,2024-11-08,Trailhawk 700,1
969,2024-11-09,Metro Commuter,2
970,2024-11-09,Metro Commuter,1
971,2024-11-10,Gravel Voyager,1
972,2024-11-10,Kids Explorer 20,1
973,2024-11-10,Summit Climber,2
974,2024-11-12,Trailhawk 700,45
975,2024-11-12,Trailhawk 700,2
976,2024-11-13,Metro Commuter,2
977,2024-11-13,Kids Explorer 20,2
978,2024-11-13,Gravel Voyager,1
979,2024-11-13,Gravel Voyager,2
980,2024-11-13,Trailhawk 700,1
981,2024-11-13,Coastal Cruiser,1
982,2024-11-13,Trailhawk 700,1
983,2024-11-15,Trailhawk 700,4
984,2024-11-15,Coastal Cruiser,1
985,2024-11-15,Trailhawk 700,1
986,2024-11-15,Coastal Cruiser,3
987,2024-11-15,Gravel Voyager,1
988,2024-11-16,Trailhawk 700,1
989,2024-11-16,Metro Commuter,2
990,2024-11-16,Kids Explorer 20,4
991,2024-11-17,Metro Commuter,1
992,2024-11-17,Summit Climber,1
993,2024-11-18,Trailhawk 700,1
994,2024-11-18,Trailhawk 700,4
995,2024-11-18,Metro Commuter,2
996,2024-11-18,Summit Climber,2
997,2024-11-18,Coastal Cruiser,3
998,2024-11-19,Gravel Voyager,41
999,2024-11-19,Metro Commuter,4
1000,2024-11-19,Metro Commuter,2
1001,2024-11-19,Gravel Voyager,37
1002,2024-11-20,Gravel Voyager,22
1003,2024-11-20,Gravel Voyager,3
1004,2024-11-20,Coastal Cruiser,4
1005,2024-11-21,Trailhawk 700,4
1006,2024-11-21,Coastal Cruiser,50
1007,2024-11-21,Metro Commuter,3
1008,2024-11-22,Trailhawk 700,3
1009,2024-11-22,Kids Explorer 20,1
1010,2024-11-22,Metro Commuter,1
1011,2024-11-22,Metro Commuter,5
1012,2024-11-22,Coastal Cruiser,3
1013,2024-11-23,Trailhawk 700,1
1014,2024-11-23,Coastal Cruiser,1
1015,2024-11-23,Kids Explorer 20,3
1016,2024-11-23,Trailhawk 700,3
1017,2024-11-24,Gravel Voyager,2
1018,2024-11-24,Trailhawk 700,3
1019,2024-11-24,Trailhawk 700,1
1020,2024-11-25,Gravel Voyager,4
1021,2024-11-26,Gravel Voyager,2
1022,2024-11-27,Coastal Cruiser,34
1023,2024-11-27,Coastal Cruiser,2
1024,2024-11-28,Gravel Voyager,3
1025,2024-11-28,Trailhawk 700,3
1026,2024-11-28,Metro Commuter,33
1027,2024-11-28,Summit Climber,25
1028,2024-11-29,Trailhawk 700,1
1029,2024-11-29,Metro Commuter,25
1030,2024-11-29,Summit Climber,1
1031,2024-11-29,Trailhawk 700,1
1032,2024-11-30,Trailhawk 700,19
1033,2024-11-30,Summit Climber,1
1034,2024-12-01,Kids Explorer 20,28
1035,2024-12-01,Coastal Cruiser,3
1036,2024-12-01,Metro Commuter,14
1037,2024-12-01,Trailhawk 700,2
1038,2024-12-02,Metro Commuter,1
1039,2024-12-02,Gravel Voyager,1
1040,2024-12-02,Gravel Voyager,1
1041,2024-12-02,Metro Commuter,2
1042,2024-12-03,Summit Climber,5
1043,2024-12-03,Trailhawk 700,2
1044,2024-12-03,Metro Commuter,5
1045,2024-12-03,Gravel Voyager,4
1046,2024-12-04,Gravel Voyager,5
1047,2024-12-05,Coastal Cruiser,1
1048,2024-12-05,Metro Commuter,1
1049,2024-12-05,Gravel Voyager,1
1050,2024-12-06,Gravel Voyager,21
1051,2024-12-06,Coastal Cruiser,5
1052,2024-12-07,Gravel Voyager,5
1053,2024-12-08,Gravel Voyager,5
1054,2024-12-08,Metro Commuter,3
1055,2024-12-08,Metro Commuter,2
1056,2024-12-08,Gravel Voyager,5
1057,2024-12-09,Gravel Voyager,3
1058,2024-12-09,Gravel Voyager,3
1059,2024-12-09,Trailhawk 700,1
1060,2024-12-10,Summit Climber,4
1061,2024-12-10,Kids Explorer 20,27
1062,2024-12-11,Metro Commuter,1
1063,2024-12-11,Kids Explorer 20,1
1064,2024-12-11,Trailhawk 700,1
1065,2024-12-13,Metro Commuter,1
1066,2024-12-14,Trailhawk 700,12
1067,2024-12-14,Gravel Voyager,2
1068,2024-12-15,Metro Commuter,3
1069,2024-12-15,Gravel Voyager,19
1070,2024-12-16,Coastal Cruiser,19
1071,2024-12-16,Coastal Cruiser,3
1072,2024-12-16,Summit Climber,1
1073,2024-12-17,Gravel Voyager,1
1074,2024-12-18,Metro Commuter,41
1075,2024-12-18,Trailhawk 700,4
1076,2024-12-18,Trailhawk 700,1
1077,2024-12-18,Metro Commuter,1
1078,2024-12-20,Coastal Cruiser,1
1079,2024-12-20,Summit Climber,1
1080,2024-12-20,Metro Commuter,2
1081,2024-12-20,Metro Commuter,32
1082,2024-12-21,Kids Explorer 20,3
1083,2024-12-21,Metro Commuter,3
1084,2024-12-21,Coastal Cruiser,2
1085,2024-12-22,Metro Commuter,1
1086,2024-12-22,Trailhawk 700,1
1087,2024-12-22,Trailhawk 700,1
1088,2024-12-22,Trailhawk 700,4
1089,2024-12-23,Summit Climber,1
1090,2024-12-23,Gravel Voyager,3
1091,2024-12-23,Trailhawk 700,2
1092,2024-12-24,Metro Commuter,2
1093,2024-12-24,Metro Commuter,1
1094,2024-12-24,Coastal Cruiser,2
1095,2024-12-24,Kids Explorer 20,1
1096,2024-12-25,Metro Commuter,4
1097,2024-12-26,Summit Climber,2
1098,2024-12-26,Summit Climber,5
1099,2024-12-26,Trailhawk 700,2
1100,2024-12-26,Gravel Voyager,1
1101,2024-12-26,Coastal Cruiser,4
1102,2024-12-26,Summit Climber,1
1103,2024-12-28,Coastal Cruiser,1
1104,2024-12-28,Gravel Voyager,3
1105,2024-12-28,Trailhawk 700,2
1106,2024-12-28,Kids Explorer 20,2
1107,2024-12-29,Gravel Voyager,2
1108,2024-12-29,Trailhawk 700,3
1109,2024-12-29,Trailhawk 700,1
1110,2024-12-29,Trailhawk 700,3
1111,2024-12-30,Summit Climber,1
1112,2024-12-30,Summit Climber,1
1113,2024-12-30,Gravel Voyager,2
1114,2024-12-31,Trailhawk 700,3
1115,2024-12-31,Coastal Cruiser,21
1116,2024-12-31,Coastal Cruiser,4
1117,2024-12-31,Kids Explorer 20,4
1118,2025-01-01,Kids Explorer 20,1
1119,2025-01-01,Trailhawk 700,2
1120,2025-01-01,Trailhawk 700,1
1121,2025-01-02,Kids Explorer 20,2
1122,2025-01-02,Metro Commuter,1
1123,2025-01-02,Summit Climber,3
1124,2025-01-03,Coastal Cruiser,1
1125,2025-01-03,Trailhawk 700,1
1126,2025-01-03,Trailhawk 700,1
1127,2025-01-03,Coastal Cruiser,4
1128,2025-01-03,Metro Commuter,1
1129,2025-01-04,Summit Climber,1
1130,2025-01-05,Summit Climber,1
1131,2025-01-05,Kids Explorer 20,1
1132,2025-01-06,Coastal Cruiser,1
1133,2025-01-08,Trailhawk 700,25
1134,2025-01-08,Trailhawk 700,1
1135,2025-01-08,Gravel Voyager,2
1136,2025-01-08,Summit Climber,1
1137,2025-01-09,Metro Commuter,4
1138,2025-01-09,Kids Explorer 20,2
1139,2025-01-09,Trailhawk 700,3
1140,2025-01-09,Trailhawk 700,47
1141,2025-01-10,Trailhawk 700,5
1142,2025-01-10,Gravel Voyager,1
1143,2025-01-10,Trailhawk 700,1
1144,2025-01-10,Metro Commuter,1
1145,2025-01-11,Summit Climber,2
1146,2025-01-11,Metro Commuter,3
1147,2025-01-11,Summit Climber,2
1148,2025-01-12,Trailhawk 700,23
1149,2025-01-12,Summit Climber,1
1150,2025-01-12,Coastal Cruiser,4
1151,2025-01-13,Metro Commuter,1
1152,2025-01-13,Kids Explorer 20,1
1153,2025-01-14,Gravel Voyager,1
1154,2025-01-14,Trailhawk 700,3
1155,2025-01-15,Summit Climber,3
1156,2025-01-15,Trailhawk 700,2
1157,2025-01-15,Metro Commuter,1
1158,2025-01-15,Metro Commuter,1
1159,2025-01-15,Coastal Cruiser,1
1160,2025-01-16,Coastal Cruiser,1
1161,2025-01-16,Trailhawk 700,5
1162,2025-01-16,Kids Explorer 20,2
1163,2025-01-16,Trailhawk 700,2
1164,2025-01-16,Kids Explorer 20,1
1165,2025-01-17,Gravel Voyager,1
1166,2025-01-17,Trailhawk 700,4
1167,2025-01-18,Metro Commuter,20
1168,2025-01-18,Coastal Cruiser,1
1169,2025-01-18,Summit Climber,1
1170,2025-01-19,Trailhawk 700,1
1171,2025-01-20,Gravel Voyager,2
1172,2025-01-20,Metro Commuter,1
1173,2025-01-20,Coastal Cruiser,29
1174,2025-01-21,Kids Explorer 20,3
1175,2025-01-21,Coastal Cruiser,1
1176,2025-01-21,Gravel Voyager,1
1177,2025-01-21,Coastal Cruiser,1
1178,2025-01-21,Gravel Voyager,1
1179,2025-01-21,Metro Commuter,1
1180,2025-01-21,Coastal Cruiser,1
1181,2025-01-23,Kids Explorer 20,3
1182,2025-01-23,Summit Climber,3
1183,2025-01-23,Trailhawk 700,2
1184,2025-01-23,Coastal Cruiser,2
1185,2025-01-23,Coastal Cruiser,1
1186,2025-01-24,Trailhawk 700,1
1187,2025-01-24,Coastal Cruiser,3
1188,2025-01-24,Coastal Cruiser,3
1189,2025-01-24,Trailhawk 700,5
1190,2025-01-24,Coastal Cruiser,1
1191,2025-01-24,Trailhawk 700,3
1192,2025-01-24,Coastal Cruiser,2
1193,2025-01-25,Metro Commuter,1
1194,2025-01-26,Gravel Voyager,1
1195,2025-01-26,Trailhawk 700,1
1196,2025-01-26,Trailhawk 700,2
1197,2025-01-26,Summit Climber,2
1198,2025-01-27,Gravel Voyager,1
1199,2025-01-28,Coastal Cruiser,5
1200,2025-01-28,Summit Climber,4
1201,2025-01-28,Gravel Voyager,1
1202,2025-01-28,Metro Commuter,1
1203,2025-01-28,Trailhawk 700,4
1204,2025-01-29,Kids Explorer 20,2
1205,2025-01-29,Metro Commuter,1
1206,2025-01-29,Coastal Cruiser,1
1207,2025-01-30,Kids Explorer 20,26
1208,2025-01-30,Trailhawk 700,4
1209,2025-01-30,Metro Commuter,1
1210,2025-01-31,Metro Commuter,2
1211,2025-01-31,Kids Explorer 20,1
1212,2025-01-31,Summit Climber,1
1213,2025-02-01,Summit Climber,1
1214,2025-02-01,Trailhawk 700,1
1215,2025-02-01,Metro Commuter,4
1216,2025-02-02,Trailhawk 700,1
1217,2025-02-02,Summit Climber,1
1218,2025-02-02,Trailhawk 700,48
1219,2025-02-02,Trailhawk 700,5
1220,2025-02-03,Metro Commuter,4
1221,2025-02-04,Trailhawk 700,24
1222,2025-02-04,Kids Explorer 20,4
1223,2025-02-04,Summit Climber,1
1224,2025-02-04,Metro Commuter,1
1225,2025-02-04,Summit Climber,4
1226,2025-02-04,Metro Commuter,2
1227,2025-02-05,Trailhawk 700,3
1228,2025-02-05,Trailhawk 700,2
1229,2025-02-05,Gravel Voyager,4
1230,2025-02-05,Kids Explorer 20,1
1231,2025-02-06,Gravel Voyager,2
1232,2025-02-06,Kids Explorer 20,1
1233,2025-02-06,Gravel Voyager,1
1234,2025-02-06,Trailhawk 700,1
1235,2025-02-07,Metro Commuter,1
1236,2025-02-08,Trailhawk 700,1
1237,2025-02-08,Coastal Cruiser,1
1238,2025-02-08,Kids Explorer 20,2
1239,2025-02-09,Trailhawk 700,1
1240,2025-02-09,Gravel Voyager,2
1241,2025-02-09,Gravel Voyager,1
1242,2025-02-10,Kids Explorer 20,2
1243,2025-02-10,Metro Commuter,1
1244,2025-02-10,Trailhawk 700,1
1245,2025-02-11,Kids Explorer 20,2
1246,2025-02-12,Kids Explorer 20,1
1247,2025-02-12,Trailhawk 700,1
1248,2025-02-12,Summit Climber,1
1249,2025-02-12,Kids Explorer 20,2
1250,2025-02-13,Trailhawk 700,5
1251,2025-02-13,Kids Explorer 20,2
1252,2025-02-13,Summit Climber,23
1253,2025-02-13,Coastal Cruiser,1
1254,2025-02-15,Metro Commuter,1
1255,2025-02-15,Trailhawk 700,1
1256,2025-02-16,Gravel Voyager,3
1257,2025-02-17,Kids Explorer 20,2
1258,2025-02-17,Metro Commuter,1
1259,2025-02-17,Summit Climber,1
1260,2025-02-18,Kids Explorer 20,1
1261,2025-02-19,Gravel Voyager,1
1262,2025-02-19,Metro Commuter,25
1263,2025-02-19,Gravel Voyager,1
1264,2025-02-19,Metro Commuter,4
1265,2025-02-19,Metro Commuter,2
1266,2025-02-20,Metro Commuter,5
1267,2025-02-20,Trailhawk 700,3
1268,2025-02-21,Summit Climber,1
1269,2025-02-21,Kids Explorer 20,4
1270,2025-02-22,Metro Commuter,1
1271,2025-02-22,Trailhawk 700,1
1272,2025-02-22,Gravel Voyager,1
1273,2025-02-22,Coastal Cruiser,20
1274,2025-02-22,Coastal Cruiser,3
1275,2025-02-23,Coastal Cruiser,50
1276,2025-02-23,Kids Explorer 20,1
1277,2025-02-24,Summit Climber,2
1278,2025-02-24,Trailhawk 700,1
1279,2025-02-24,Trailhawk 700,1
1280,2025-02-24,Kids Explorer 20,1
1281,2025-02-25,Trailhawk 700,5
1282,2025-02-25,Summit Climber,4
1283,2025-02-25,Metro Commuter,2
1284,2025-02-25,Trailhawk 700,1
1285,2025-02-26,Coastal Cruiser,1
1286,2025-02-26,Metro Commuter,37
1287,2025-02-27,Gravel Voyager,1
1288,2025-02-28,Trailhawk 700,1
1289,2025-02-28,Coastal Cruiser,2
1290,2025-02-28,Trailhawk 700,1
1291,2025-02-28,Summit Climber,2
1292,2025-02-28,Metro Commuter,1
1293,2025-03-01,Kids Explorer 20,2
1294,2025-03-01,Trailhawk 700,2
1295,2025-03-02,Coastal Cruiser,3
1296,2025-03-03,Coastal Cruiser,3
1297,2025-03-03,Trailhawk 700,3
1298,2025-03-03,Metro Commuter,1
1299,2025-03-03,Coastal Cruiser,2
1300,2025-03-04,Summit Climber,39
1301,2025-03-04,Metro Commuter,1
1302,2025-03-04,Trailhawk 700,2
1303,2025-03-04,Coastal Cruiser,1
1304,2025-03-05,Summit Climber,4
1305,2025-03-06,Coastal Cruiser,1
1306,2025-03-07,Trailhawk 700,5
1307,2025-03-08,Gravel Voyager,1
1308,2025-03-08,Coastal Cruiser,18
1309,2025-03-08,Metro Commuter,1
1310,2025-03-08,Gravel Voyager,2
1311,2025-03-09,Summit Climber,12
1312,2025-03-10,Gravel Voyager,1
1313,2025-03-10,Metro Commuter,1
1314,2025-03-10,Summit Climber,1
1315,2025-03-10,Metro Commuter,1
1316,2025-03-10,Summit Climber,1
1317,2025-03-11,Metro Commuter,1
1318,2025-03-11,Gravel Voyager,5
1319,2025-03-11,Trailhawk 700,1
1320,2025-03-11,Summit Climber,1
1321,2025-03-11,Trailhawk 700,2
1322,2025-03-11,Metro Commuter,1
1323,2025-03-12,Trailhawk 700,1
1324,2025-03-12,Metro Commuter,3
1325,2025-03-13,Kids Explorer 20,1
1326,2025-03-13,Metro Commuter,1
1327,2025-03-13,Summit Climber,2
1328,2025-03-13,Summit Climber,1
1329,2025-03-13,Metro Commuter,1
1330,2025-03-13,Gravel Voyager,1
1331,2025-03-13,Summit Climber,3
1332,2025-03-14,Coastal Cruiser,1
1333,2025-03-14,Trailhawk 700,5
1334,2025-03-14,Trailhawk 700,2
1335,2025-03-14,Coastal Cruiser,2
1336,2025-03-14,Trailhawk 700,3
1337,2025-03-15,Trailhawk 700,1
1338,2025-03-16,Metro Commuter,2
1339,2025-03-16,Coastal Cruiser,1
1340,2025-03-16,Coastal Cruiser,4
1341,2025-03-16,Metro Commuter,2
1342,2025-03-16,Metro Commuter,2
1343,2025-03-17,Trailhawk 700,2
1344,2025-03-17,Kids Explorer 20,2
1345,2025-03-17,Trailhawk 700,1
1346,2025-03-17,Summit Climber,2
1347,2025-03-17,Gravel Voyager,3
1348,2025-03-17,Trailhawk 700,4
1349,2025-03-17,Kids Explorer 20,4
1350,2025-03-18,Metro Commuter,3
1351,2025-03-18,Coastal Cruiser,4
1352,2025-03-18,Coastal Cruiser,2
1353,2025-03-18,Coastal Cruiser,1
1354,2025-03-18,Coastal Cruiser,1
1355,2025-03-19,Metro Commuter,2
1356,2025-03-19,Gravel Voyager,1
1357,2025-03-19,Trailhawk 700,36
1358,2025-03-19,Kids Explorer 20,2
1359,2025-03-19,Kids Explorer 20,1
1360,2025-03-19,Summit Climber,2
1361,2025-03-20,Kids Explorer 20,3
1362,2025-03-21,Coastal Cruiser,1
1363,2025-03-21,Summit Climber,2
1364,2025-03-21,Summit Climber,1
1365,2025-03-22,Metro Commuter,1
1366,2025-03-23,Gravel Voyager,1
1367,2025-03-23,Coastal Cruiser,49
1368,2025-03-24,Summit Climber,5
1369,2025-03-24,Coastal Cruiser,4
1370,2025-03-24,Coastal Cruiser,1
1371,2025-03-24,Trailhawk 700,5
1372,2025-03-25,Trailhawk 700,1
1373,2025-03-25,Kids Explorer 20,1
1374,2025-03-25,Metro Commuter,1
1375,2025-03-25,Kids Explorer 20,1
1376,2025-03-25,Trailhawk 700,2
1377,2025-03-26,Summit Climber,1
1378,2025-03-26,Summit Climber,3
1379,2025-03-27,Kids Explorer 20,2
1380,2025-03-27,Kids Explorer 20,1
1381,2025-03-28,Metro Commuter,4
1382,2025-03-28,Kids Explorer 20,1
1383,2025-03-28,Trailhawk 700,2
1384,2025-03-29,Metro Commuter,1
1385,2025-03-30,Kids Explorer 20,2
1386,2025-03-30,Metro Commuter,1
1387,2025-03-30,Trailhawk 700,3
1388,2025-03-30,Trailhawk 700,2
1389,2025-03-30,Metro Commuter,1
1390,2025-03-31,Metro Commuter,1
1391,2025-03-31,Metro Commuter,2
1392,2025-03-31,Metro Commuter,4
1393,2025-03-31,Coastal Cruiser,1
1394,2025-04-02,Metro Commuter,3
1395,2025-04-02,Kids Explorer 20,3
1396,2025-04-03,Metro Commuter,1
1397,2025-04-03,Kids Explorer 20,15
1398,2025-04-03,Coastal Cruiser,2
1399,2025-04-03,Trailhawk 700,5
1400,2025-04-03,Metro Commuter,1
1401,2025-04-03,Trailhawk 700,1
1402,2025-04-03,Kids Explorer 20,3
1403,2025-04-04,Gravel Voyager,1
1404,2025-04-04,Summit Climber,3
1405,2025-04-05,Metro Commuter,4
1406,2025-04-05,Gravel Voyager,1
1407,2025-04-06,Gravel Voyager,2
1408,2025-04-06,Summit Climber,21
1409,2025-04-06,Kids Explorer 20,1
1410,2025-04-07,Summit Climber,2
1411,2025-04-07,Summit Climber,3
1412,2025-04-07,Coastal Cruiser,1
1413,2025-04-07,Metro Commuter,1
1414,2025-04-08,Kids Explorer 20,2
1415,2025-04-09,Coastal Cruiser,4
1416,2025-04-09,Coastal Cruiser,34
1417,2025-04-10,Coastal Cruiser,4
1418,2025-04-11,Metro Commuter,3
1419,2025-04-11,Trailhawk 700,1
1420,2025-04-11,Coastal Cruiser,4
1421,2025-04-12,Summit Climber,3
1422,2025-04-13,Trailhawk 700,1
1423,2025-04-13,Summit Climber,2
1424,2025-04-13,Gravel Voyager,1
1425,2025-04-15,Kids Explorer 20,1
1426,2025-04-15,Coastal Cruiser,1
1427,2025-04-15,Metro Commuter,5
1428,2025-04-15,Metro Commuter,4
1429,2025-04-15,Trailhawk 700,5
1430,2025-04-16,Kids Explorer 20,1
1431,2025-04-16,Coastal Cruiser,1
1432,2025-04-16,Trailhawk 700,3
1433,2025-04-17,Metro Commuter,3
1434,2025-04-17,Trailhawk 700,2
1435,2025-04-17,Metro Commuter,4
1436,2025-04-17,Kids Explorer 20,1
1437,2025-04-18,Metro Commuter,4
1438,2025-04-18,Trailhawk 700,3
1439,2025-04-18,Summit Climber,4
1440,2025-04-18,Kids Explorer 20,2
1441,2025-04-18,Gravel Voyager,3
1442,2025-04-19,Metro Commuter,45
1443,2025-04-19,Kids Explorer 20,1
1444,2025-04-19,Gravel Voyager,1
1445,2025-04-20,Trailhawk 700,5
1446,2025-04-20,Gravel Voyager,4
1447,2025-04-21,Coastal Cruiser,1
1448,2025-04-21,Trailhawk 700,2
1449,2025-04-21,Trailhawk 700,1
1450,2025-04-21,Metro Commuter,4
1451,2025-04-21,Metro Commuter,2
1452,2025-04-22,Trailhawk 700,3
1453,2025-04-22,Kids Explorer 20,1
1454,2025-04-22,Summit Climber,1
1455,2025-04-24,Trailhawk 700,1
1456,2025-04-24,Trailhawk 700,1
1457,2025-04-24,Gravel Voyager,1
1458,2025-04-24,Summit Climber,2
1459,2025-04-25,Coastal Cruiser,1
1460,2025-04-25,Coastal Cruiser,1
1461,2025-04-25,Trailhawk 700,1
1462,2025-04-26,Coastal Cruiser,2
1463,2025-04-26,Trailhawk 700,1
1464,2025-04-26,Coastal Cruiser,1
1465,2025-04-27,Gravel Voyager,1
1466,2025-04-27,Trailhawk 700,1
1467,2025-04-28,Kids Explorer 20,2
1468,2025-04-28,Kids Explorer 20,1
1469,2025-04-29,Metro Commuter,1
1470,2025-04-29,Metro Commuter,46
1471,2025-04-29,Trailhawk 700,2
1472,2025-04-30,Summit Climber,4
1473,2025-04-30,Trailhawk 700,1
1474,2025-05-01,Trailhawk 700,3
1475,2025-05-01,Trailhawk 700,1
1476,2025-05-01,Trailhawk 700,1
1477,2025-05-02,Kids Explorer 20,2
1478,2025-05-02,Summit Climber,2
1479,2025-05-02,Metro Commuter,1
1480,2025-05-03,Summit Climber,2
1481,2025-05-03,Kids Explorer 20,19
1482,2025-05-03,Metro Commuter,1
1483,2025-05-04,Metro Commuter,1
1484,2025-05-04,Kids Explorer 20,1
1485,2025-05-04,Gravel Voyager,2
1486,2025-05-05,Gravel Voyager,1
1487,2025-05-05,Coastal Cruiser,3
1488,2025-05-06,Kids Explorer 20,3
1489,2025-05-06,Summit Climber,1
1490,2025-05-06,Trailhawk 700,1
1491,2025-05-06,Trailhawk 700,1
1492,2025-05-06,Metro Commuter,4
1493,2025-05-07,Trailhawk 700,1
1494,2025-05-07,Kids Explorer 20,34
1495,2025-05-08,Kids Explorer 20,1
1496,2025-05-08,Coastal Cruiser,1
1497,2025-05-09,Metro Commuter,2
1498,2025-05-09,Coastal Cruiser,3
1499,2025-05-10,Summit Climber,1
1500,2025-05-11,Metro Commuter,3
1501,2025-05-11,Metro Commuter,4
1502,2025-05-11,Coastal Cruiser,2
1503,2025-05-12,Metro Commuter,2
1504,2025-05-12,Metro Commuter,1
1505,2025-05-12,Trailhawk 700,2
1506,2025-05-12,Metro Commuter,3
1507,2025-05-13,Trailhawk 700,1
1508,2025-05-13,Coastal Cruiser,1
1509,2025-05-13,Coastal Cruiser,1
1510,2025-05-13,Coastal Cruiser,1
1511,2025-05-13,Summit Climber,1
1512,2025-05-13,Metro Commuter,1
1513,2025-05-13,Metro Commuter,5
1514,2025-05-14,Metro Commuter,3
1515,2025-05-15,Gravel Voyager,2
1516,2025-05-15,Coastal Cruiser,1
1517,2025-05-15,Kids Explorer 20,2
1518,2025-05-15,Coastal Cruiser,1
1519,2025-05-16,Summit Climber,5
1520,2025-05-16,Trailhawk 700,1
1521,2025-05-16,Kids Explorer 20,2
1522,2025-05-17,Coastal Cruiser,1
1523,2025-05-17,Coastal Cruiser,2
1524,2025-05-17,Metro Commuter,28
1525,2025-05-17,Coastal Cruiser,1
1526,2025-05-17,Metro Commuter,49
1527,2025-05-17,Gravel Voyager,3
1528,2025-05-17,Gravel Voyager,2
1529,2025-05-17,Summit Climber,1
1530,2025-05-17,Gravel Voyager,3
1531,2025-05-17,Coastal Cruiser,1
1532,2025-05-18,Metro Commuter,2
1533,2025-05-18,Trailhawk 700,4
1534,2025-05-18,Trailhawk 700,5
1535,2025-05-18,Coastal Cruiser,5
1536,2025-05-18,Metro Commuter,1
1537,2025-05-19,Trailhawk 700,1
1538,2025-05-19,Coastal Cruiser,4
1539,2025-05-19,Coastal Cruiser,11
1540,2025-05-20,Gravel Voyager,1
1541,2025-05-20,Metro Commuter,4
1542,2025-05-20,Kids Explorer 20,3
1543,2025-05-21,Metro Commuter,3
1544,2025-05-22,Trailhawk 700,1
1545,2025-05-22,Gravel Voyager,2
1546,2025-05-22,Coastal Cruiser,2
1547,2025-05-22,Metro Commuter,1
1548,2025-05-23,Summit Climber,1
1549,2025-05-23,Summit Climber,1
1550,2025-05-23,Trailhawk 700,1
1551,2025-05-24,Trailhawk 700,4
1552,2025-05-24,Kids Explorer 20,1
1553,2025-05-25,Metro Commuter,3
1554,2025-05-25,Metro Commuter,2
1555,2025-05-25,Coastal Cruiser,1
1556,2025-05-25,Summit Climber,1
1557,2025-05-26,Metro Commuter,3
1558,2025-05-26,Kids Explorer 20,1
1559,2025-05-27,Coastal Cruiser,1
1560,2025-05-27,Kids Explorer 20,1
1561,2025-05-28,Coastal Cruiser,1
1562,2025-05-28,Metro Commuter,23
1563,2025-05-28,Metro Commuter,2
1564,2025-05-28,Trailhawk 700,4
1565,2025-05-28,Metro Commuter,4
1566,2025-05-28,Kids Explorer 20,1
1567,2025-05-29,Trailhawk 700,2
1568,2025-05-29,Kids Explorer 20,2
1569,2025-05-30,Gravel Voyager,1
1570,2025-05-30,Gravel Voyager,1
1571,2025-05-30,Trailhawk 700,3
1572,2025-05-31,Trailhawk 700,1
1573,2025-05-31,Trailhawk 700,4
1574,2025-05-31,Gravel Voyager,1
1575,2025-05-31,Trailhawk 700,1
1576,2025-06-01,Summit Climber,1
1577,2025-06-01,Gravel Voyager,1
1578,2025-06-01,Metro Commuter,3
1579,2025-06-01,Metro Commuter,1
1580,2025-06-02,Summit Climber,2
1581,2025-06-03,Trailhawk 700,2
1582,2025-06-03,Summit Climber,2
1583,2025-06-03,Summit Climber,1
1584,2025-06-03,Coastal Cruiser,3
1585,2025-06-04,Trailhawk 700,46
1586,2025-06-04,Gravel Voyager,4
1587,2025-06-04,Trailhawk 700,1
1588,2025-06-05,Metro Commuter,1
1589,2025-06-05,Metro Commuter,10
1590,2025-06-05,Gravel Voyager,1
1591,2025-06-05,Gravel Voyager,2
1592,2025-06-05,Kids Explorer 20,3
1593,2025-06-06,Metro Commuter,1
1594,2025-06-06,Coastal Cruiser,2
1595,2025-06-06,Coastal Cruiser,3
1596,2025-06-06,Kids Explorer 20,1
1597,2025-06-06,Coastal Cruiser,2
1598,2025-06-07,Metro Commuter,1
1599,2025-06-07,Metro Commuter,2
1600,2025-06-07,Coastal Cruiser,1
1601,2025-06-07,Kids Explorer 20,18
1602,2025-06-08,Coastal Cruiser,1
1603,2025-06-08,Kids Explorer 20,1
1604,2025-06-08,Kids Explorer 20,3
1605,2025-06-08,Metro Commuter,3
1606,2025-06-08,Trailhawk 700,2
1607,2025-06-08,Trailhawk 700,1
1608,2025-06-08,Metro Commuter,2
1609,2025-06-09,Trailhawk 700,5
1610,2025-06-09,Kids Explorer 20,4
1611,2025-06-09,Gravel Voyager,1
1612,2025-06-09,Kids Explorer 20,2
1613,2025-06-10,Gravel Voyager,4
1614,2025-06-10,Gravel Voyager,2
1615,2025-06-10,Trailhawk 700,4
1616,2025-06-11,Metro Commuter,5
1617,2025-06-11,Kids Explorer 20,35
1618,2025-06-11,Gravel Voyager,2
1619,2025-06-12,Metro Commuter,3
1620,2025-06-13,Trailhawk 700,1
1621,2025-06-13,Gravel Voyager,1
1622,2025-06-13,Coastal Cruiser,3
1623,2025-06-14,Trailhawk 700,2
1624,2025-06-14,Metro Commuter,47
1625,2025-06-15,Gravel Voyager,1
1626,2025-06-15,Trailhawk 700,19
1627,2025-06-16,Coastal Cruiser,1
1628,2025-06-16,Kids Explorer 20,1
1629,2025-06-16,Summit Climber,5
1630,2025-06-16,Trailhawk 700,2
1631,2025-06-16,Trailhawk 700,4
1632,2025-06-17,Trailhawk 700,2
1633,2025-06-18,Coastal Cruiser,1
1634,2025-06-19,Metro Commuter,1
1635,2025-06-19,Coastal Cruiser,2
1636,2025-06-20,Gravel Voyager,2
1637,2025-06-20,Coastal Cruiser,21
1638,2025-06-20,Kids Explorer 20,2
1639,2025-06-21,Gravel Voyager,1
1640,2025-06-22,Kids Explorer 20,2
1641,2025-06-22,Kids Explorer 20,3
1642,2025-06-23,Gravel Voyager,1
1643,2025-06-23,Gravel Voyager,1
1644,2025-06-23,Trailhawk 700,5
1645,2025-06-24,Metro Commuter,11
1646,2025-06-24,Metro Commuter,5
1647,2025-06-25,Gravel Voyager,1
1648,2025-06-25,Coastal Cruiser,49
1649,2025-06-25,Trailhawk 700,3
1650,2025-06-25,Trailhawk 700,1
1651,2025-06-26,Summit Climber,1
1652,2025-06-26,Trailhawk 700,1
1653,2025-06-28,Gravel Voyager,1
1654,2025-06-28,Trailhawk 700,1
1655,2025-06-29,Kids Explorer 20,38
1656,2025-06-29,Trailhawk 700,4
1657,2025-06-29,Coastal Cruiser,1
1658,2025-06-30,Trailhawk 700,1
1659,2025-06-30,Metro Commuter,1
1660,2025-07-02,Trailhawk 700,3
1661,2025-07-02,Coastal Cruiser,3
1662,2025-07-02,Metro Commuter,25
1663,2025-07-03,Kids Explorer 20,1
1664,2025-07-03,Trailhawk 700,2
1665,2025-07-03,Metro Commuter,1
1666,2025-07-03,Trailhawk 700,1
1667,2025-07-03,Coastal Cruiser,1
1668,2025-07-03,Coastal Cruiser,3
1669,2025-07-03,Trailhawk 700,4
1670,2025-07-03,Trailhawk 700,4
1671,2025-07-03,Trailhawk 700,1
1672,2025-07-04,Summit Climber,1
1673,2025-07-04,Kids Explorer 20,1
1674,2025-07-04,Trailhawk 700,2
1675,2025-07-04,Gravel Voyager,3
1676,2025-07-05,Trailhawk 700,2
1677,2025-07-06,Kids Explorer 20,2
1678,2025-07-06,Coastal Cruiser,1
1679,2025-07-06,Metro Commuter,3
1680,2025-07-07,Trailhawk 700,2
1681,2025-07-07,Kids Explorer 20,1
1682,2025-07-07,Gravel Voyager,1
1683,2025-07-07,Metro Commuter,4
1684,2025-07-07,Trailhawk 700,1
1685,2025-07-08,Gravel Voyager,2
1686,2025-07-09,Coastal Cruiser,1
1687,2025-07-10,Kids Explorer 20,1
1688,2025-07-10,Metro Commuter,2
1689,2025-07-10,Gravel Voyager,2
1690,2025-07-11,Summit Climber,16
1691,2025-07-11,Coastal Cruiser,1
1692,2025-07-11,Coastal Cruiser,4
1693,2025-07-11,Trailhawk 700,4
1694,2025-07-12,Coastal Cruiser,3
1695,2025-07-12,Trailhawk 700,1
1696,2025-07-13,Kids Explorer 20,38
1697,2025-07-14,Trailhawk 700,1
1698,2025-07-14,Coastal Cruiser,1
1699,2025-07-15,Trailhawk 700,5
1700,2025-07-15,Metro Commuter,1
1701,2025-07-16,Kids Explorer 20,1
1702,2025-07-16,Trailhawk 700,2
1703,2025-07-17,Trailhawk 700,1
1704,2025-07-17,Metro Commuter,40
1705,2025-07-18,Trailhawk 700,3
1706,2025-07-18,Gravel Voyager,1
1707,2025-07-19,Trailhawk 700,2
1708,2025-07-19,Kids Explorer 20,1
1709,2025-07-20,Metro Commuter,4
1710,2025-07-20,Gravel Voyager,3
1711,2025-07-21,Gravel Voyager,36
1712,2025-07-21,Coastal Cruiser,1
1713,2025-07-22,Kids Explorer 20,3
1714,2025-07-22,Trailhawk 700,3
1715,2025-07-22,Coastal Cruiser,1
1716,2025-07-22,Metro Commuter,4
1717,2025-07-23,Kids Explorer 20,41
1718,2025-07-23,Trailhawk 700,4
1719,2025-07-23,Metro Commuter,1
1720,2025-07-23,Metro Commuter,21
1721,2025-07-24,Metro Commuter,1
1722,2025-07-24,Summit Climber,1
1723,2025-07-24,Kids Explorer 20,3
1724,2025-07-24,Summit Climber,1
1725,2025-07-24,Trailhawk 700,34
1726,2025-07-24,Summit Climber,2
1727,2025-07-25,Coastal Cruiser,5
1728,2025-07-25,Gravel Voyager,3
1729,2025-07-26,Gravel Voyager,1
1730,2025-07-26,Coastal Cruiser,1
1731,2025-07-26,Coastal Cruiser,4
1732,2025-07-26,Summit Climber,37
1733,2025-07-27,Trailhawk 700,3
1734,2025-07-27,Kids Explorer 20,3
1735,2025-07-27,Metro Commuter,2
1736,2025-07-27,Coastal Cruiser,4
1737,2025-07-28,Summit Climber,4
1738,2025-07-29,Metro Commuter,1
1739,2025-07-29,Summit Climber,2
1740,2025-07-29,Coastal Cruiser,1
1741,2025-07-29,Metro Commuter,1
1742,2025-07-29,Gravel Voyager,2
1743,2025-07-30,Trailhawk 700,1
1744,2025-07-30,Coastal Cruiser,2
1745,2025-07-30,Metro Commuter,1
1746,2025-07-31,Metro Commuter,1
1747,2025-07-31,Summit Climber,1
1748,2025-07-31,Trailhawk 700,3
1749,2025-07-31,Trailhawk 700,1
1750,2025-07-31,Trailhawk 700,5
1751,2025-08-01,Metro Commuter,1
1752,2025-08-01,Metro Commuter,2
1753,2025-08-02,Kids Explorer 20,3
1754,2025-08-02,Coastal Cruiser,1
1755,2025-08-03,Coastal Cruiser,2
1756,2025-08-03,Gravel Voyager,3
1757,2025-08-03,Metro Commuter,2
1758,2025-08-03,Trailhawk 700,4
1759,2025-08-04,Trailhawk 700,3
1760,2025-08-04,Trailhawk 700,2
1761,2025-08-05,Gravel Voyager,2
1762,2025-08-05,Kids Explorer 20,2
1763,2025-08-05,Gravel Voyager,4
1764,2025-08-06,Summit Climber,3
1765,2025-08-07,Kids Explorer 20,1
1766,2025-08-07,Trailhawk 700,1
1767,2025-08-08,Metro Commuter,3
1768,2025-08-08,Trailhawk 700,1
1769,2025-08-08,Metro Commuter,2
1770,2025-08-08,Metro Commuter,1
1771,2025-08-09,Metro Commuter,1
1772,2025-08-10,Metro Commuter,1
1773,2025-08-10,Kids Explorer 20,2
1774,2025-08-10,Gravel Voyager,1
1775,2025-08-10,Coastal Cruiser,3
1776,2025-08-10,Trailhawk 700,4
1777,2025-08-10,Gravel Voyager,1
1778,2025-08-10,Kids Explorer 20,2
1779,2025-08-11,Trailhawk 700,1
1780,2025-08-11,Summit Climber,1
1781,2025-08-11,Summit Climber,2
1782,2025-08-11,Metro Commuter,1
1783,2025-08-11,Summit Climber,2
1784,2025-08-11,Gravel Voyager,1
1785,2025-08-11,Metro Commuter,1
1786,2025-08-12,Trailhawk 700,2
1787,2025-08-12,Metro Commuter,34
1788,2025-08-13,Metro Commuter,1
1789,2025-08-13,Summit Climber,1
1790,2025-08-14,Trailhawk 700,1
1791,2025-08-14,Coastal Cruiser,5
1792,2025-08-15,Trailhawk 700,2
1793,2025-08-15,Gravel Voyager,1
1794,2025-08-18,Trailhawk 700,3
1795,2025-08-18,Metro Commuter,1
1796,2025-08-18,Metro Commuter,2
1797,2025-08-19,Summit Climber,4
1798,2025-08-20,Metro Commuter,1
1799,2025-08-20,Gravel Voyager,1
1800,2025-08-21,Gravel Voyager,4
1801,2025-08-21,Trailhawk 700,1
1802,2025-08-21,Metro Commuter,2
1803,2025-08-21,Coastal Cruiser,2
1804,2025-08-22,Coastal Cruiser,1
1805,2025-08-23,Gravel Voyager,3
1806,2025-08-23,Coastal Cruiser,2
1807,2025-08-23,Gravel Voyager,2
1808,2025-08-23,Summit Climber,17
1809,2025-08-23,Gravel Voyager,5
1810,2025-08-24,Trailhawk 700,1
1811,2025-08-24,Metro Commuter,1
1812,2025-08-24,Metro Commuter,3
1813,2025-08-24,Summit Climber,3
1814,2025-08-25,Metro Commuter,26
1815,2025-08-26,Metro Commuter,2
1816,2025-08-26,Trailhawk 700,1
1817,2025-08-26,Kids Explorer 20,4
1818,2025-08-27,Kids Explorer 20,3
1819,2025-08-27,Coastal Cruiser,2
1820,2025-08-27,Gravel Voyager,43
1821,2025-08-28,Trailhawk 700,4
1822,2025-08-28,Gravel Voyager,2
1823,2025-08-28,Trailhawk 700,1
1824,2025-08-28,Trailhawk 700,2
1825,2025-08-29,Summit Climber,1
1826,2025-08-29,Trailhawk 700,1
1827,2025-08-30,Trailhawk 700,14
1828,2025-08-30,Trailhawk 700,1
1829,2025-08-30,Metro Commuter,43
1830,2025-08-30,Coastal Cruiser,1
1831,2025-08-31,Trailhawk 700,1
1832,2025-08-31,Metro Commuter,1
1833,2025-08-31,Coastal Cruiser,2
1834,2025-08-31,Trailhawk 700,2
1835,2025-08-31,Summit Climber,3
1836,2025-08-31,Metro Commuter,3
1837,2025-09-01,Trailhawk 700,4
1838,2025-09-01,Coastal Cruiser,2
1839,2025-09-01,Trailhawk 700,1
1840,2025-09-01,Metro Commuter,1
1841,2025-09-01,Coastal Cruiser,10
1842,2025-09-01,Metro Commuter,1
1843,2025-09-01,Summit Climber,4
1844,2025-09-02,Coastal Cruiser,3
1845,2025-09-02,Metro Commuter,5
1846,2025-09-03,Summit Climber,3
1847,2025-09-03,Gravel Voyager,4
1848,2025-09-04,Metro Commuter,1
1849,2025-09-04,Trailhawk 700,3
1850,2025-09-04,Metro Commuter,2
1851,2025-09-04,Gravel Voyager,1
1852,2025-09-04,Kids Explorer 20,3
1853,2025-09-04,Kids Explorer 20,1
1854,2025-09-05,Trailhawk 700,3
1855,2025-09-05,Metro Commuter,2
1856,2025-09-07,Trailhawk 700,1
1857,2025-09-08,Coastal Cruiser,2
1858,2025-09-09,Gravel Voyager,1
1859,2025-09-09,Coastal Cruiser,1
1860,2025-09-10,Kids Explorer 20,2
1861,2025-09-10,Kids Explorer 20,3
1862,2025-09-10,Gravel Voyager,1
1863,2025-09-10,Coastal Cruiser,40
1864,2025-09-10,Coastal Cruiser,4
1865,2025-09-11,Trailhawk 700,46
1866,2025-09-11,Metro Commuter,23
1867,2025-09-12,Trailhawk 700,1
1868,2025-09-12,Kids Explorer 20,42
1869,2025-09-12,Gravel Voyager,18
1870,2025-09-12,Gravel Voyager,4
1871,2025-09-12,Gravel Voyager,3
1872,2025-09-13,Trailhawk 700,1
1873,2025-09-13,Kids Explorer 20,2
1874,2025-09-13,Summit Climber,19
1875,2025-09-14,Gravel Voyager,4
1876,2025-09-14,Gravel Voyager,1
1877,2025-09-14,Gravel Voyager,1
1878,2025-09-14,Kids Explorer 20,3
1879,2025-09-14,Kids Explorer 20,1
1880,2025-09-14,Gravel Voyager,1
1881,2025-09-15,Gravel Voyager,1
1882,2025-09-15,Trailhawk 700,1
1883,2025-09-15,Trailhawk 700,1
1884,2025-09-15,Trailhawk 700,1
1885,2025-09-15,Trailhawk 700,1
1886,2025-09-16,Kids Explorer 20,1
1887,2025-09-17,Coastal Cruiser,2
1888,2025-09-17,Kids Explorer 20,1
1889,2025-09-19,Summit Climber,1
1890,2025-09-19,Gravel Voyager,2
1891,2025-09-19,Trailhawk 700,1
1892,2025-09-20,Gravel Voyager,1
1893,2025-09-20,Coastal Cruiser,4
1894,2025-09-20,Trailhawk 700,1
1895,2025-09-21,Metro Commuter,4
1896,2025-09-21,Metro Commuter,3
1897,2025-09-22,Gravel Voyager,2
1898,2025-09-22,Metro Commuter,3
1899,2025-09-22,Kids Explorer 20,4
1900,2025-09-22,Summit Climber,27
1901,2025-09-22,Coastal Cruiser,26
1902,2025-09-22,Trailhawk 700,1
1903,2025-09-22,Metro Commuter,1
1904,2025-09-22,Summit Climber,1
1905,2025-09-23,Coastal Cruiser,2
1906,2025-09-23,Kids Explorer 20,1
1907,2025-09-23,Gravel Voyager,2
1908,2025-09-25,Summit Climber,1
1909,2025-09-25,Coastal Cruiser,3
1910,2025-09-26,Metro Commuter,1
1911,2025-09-26,Metro Commuter,1
1912,2025-09-26,Metro Commuter,5
1913,2025-09-26,Metro Commuter,3
1914,2025-09-27,Gravel Voyager,4
1915,2025-09-28,Summit Climber,2
1916,2025-09-28,Gravel Voyager,1
1917,2025-09-28,Summit Climber,3
1918,2025-09-29,Gravel Voyager,3
1919,2025-09-29,Metro Commuter,1
1920,2025-09-29,Metro Commuter,2
1921,2025-09-29,Trailhawk 700,1
1922,2025-09-29,Coastal Cruiser,1
1923,2025-09-29,Gravel Voyager,1
1924,2025-09-29,Coastal Cruiser,50
1925,2025-09-29,Trailhawk 700,4
1926,2025-10-01,Coastal Cruiser,5
1927,2025-10-01,Metro Commuter,38
1928,2025-10-01,Gravel Voyager,1
1929,2025-10-01,Gravel Voyager,2
1930,2025-10-01,Summit Climber,2
1931,2025-10-01,Gravel Voyager,2
1932,2025-10-01,Summit Climber,3
1933,2025-10-02,Trailhawk 700,1
1934,2025-10-02,Trailhawk 700,3
1935,2025-10-03,Gravel Voyager,2
1936,2025-10-03,Trailhawk 700,2
1937,2025-10-03,Trailhawk 700,1
1938,2025-10-04,Trailhawk 700,1
1939,2025-10-04,Coastal Cruiser,2
1940,2025-10-05,Gravel Voyager,1
1941,2025-10-05,Summit Climber,2
1942,2025-10-06,Gravel Voyager,3
1943,2025-10-07,Gravel Voyager,3
1944,2025-10-07,Metro Commuter,5
1945,2025-10-07,Trailhawk 700,1
1946,2025-10-08,Trailhawk 700,2
1947,2025-10-08,Kids Explorer 20,2
1948,2025-10-08,Metro Commuter,4
1949,2025-10-09,Metro Commuter,1
1950,2025-10-09,Gravel Voyager,1
1951,2025-10-09,Trailhawk 700,3
1952,2025-10-09,Kids Explorer 20,2
1953,2025-10-09,Gravel Voyager,3
1954,2025-10-10,Trailhawk 700,22
1955,2025-10-10,Metro Commuter,4
1956,2025-10-10,Kids Explorer 20,3
1957,2025-10-10,Gravel Voyager,1
1958,2025-10-11,Trailhawk 700,1
1959,2025-10-11,Trailhawk 700,1
1960,2025-10-11,Coastal Cruiser,2
1961,2025-10-11,Coastal Cruiser,1
1962,2025-10-12,Metro Commuter,2
1963,2025-10-12,Kids Explorer 20,2
1964,2025-10-13,Metro Commuter,1
1965,2025-10-14,Gravel Voyager,1
1966,2025-10-14,Metro Commuter,1
1967,2025-10-14,Metro Commuter,3
1968,2025-10-15,Kids Explorer 20,1
1969,2025-10-15,Metro Commuter,1
1970,2025-10-15,Kids Explorer 20,1
1971,2025-10-15,Kids Explorer 20,3
1972,2025-10-16,Gravel Voyager,2
1973,2025-10-16,Kids Explorer 20,3
1974,2025-10-17,Summit Climber,1
1975,2025-10-17,Trailhawk 700,1
1976,2025-10-17,Summit Climber,3
1977,2025-10-18,Gravel Voyager,2
1978,2025-10-18,Trailhawk 700,1
1979,2025-10-18,Coastal Cruiser,2
1980,2025-10-19,Kids Explorer 20,3
1981,2025-10-19,Trailhawk 700,39
1982,2025-10-19,Coastal Cruiser,1
1983,2025-10-20,Coastal Cruiser,1
1984,2025-10-20,Metro Commuter,1
1985,2025-10-20,Trailhawk 700,2
1986,2025-10-20,Coastal Cruiser,4
1987,2025-10-21,Gravel Voyager,1
1988,2025-10-21,Metro Commuter,3
1989,2025-10-21,Metro Commuter,1
1990,2025-10-21,Coastal Cruiser,3
1991,2025-10-22,Trailhawk 700,29
1992,2025-10-22,Trailhawk 700,1
1993,2025-10-22,Gravel Voyager,3
1994,2025-10-22,Coastal Cruiser,1
1995,2025-10-23,Coastal Cruiser,2
1996,2025-10-23,Gravel Voyager,1
1997,2025-10-24,Coastal Cruiser,1
1998,2025-10-24,Gravel Voyager,1
1999,2025-10-24,Metro Commuter,2
2000,2025-10-24,Trailhawk 700,4
2001,2025-10-25,Coastal Cruiser,3
2002,2025-10-25,Summit Climber,2
2003,2025-10-26,Trailhawk 700,15
2004,2025-10-27,Coastal Cruiser,3
2005,2025-10-27,Gravel Voyager,1
2006,2025-10-27,Gravel Voyager,4
2007,2025-10-27,Summit Climber,1
2008,2025-10-27,Trailhawk 700,3
2009,2025-10-27,Trailhawk 700,3
2010,2025-10-27,Coastal Cruiser,2
2011,2025-10-27,Kids Explorer 20,4
2012,2025-10-28,Metro Commuter,1
2013,2025-10-28,Metro Commuter,2
2014,2025-10-29,Trailhawk 700,1
2015,2025-10-29,Metro Commuter,2
2016,2025-10-29,Metro Commuter,2
2017,2025-10-30,Coastal Cruiser,1
2018,2025-10-30,Summit Climber,1
2019,2025-10-31,Summit Climber,1
2020,2025-10-31,Metro Commuter,4
2021,2025-10-31,Coastal Cruiser,5
2022,2025-10-31,Kids Explorer 20,11
2023,2025-11-01,Trailhawk 700,3
2024,2025-11-01,Metro Commuter,1
2025,2025-11-01,Gravel Voyager,3
2026,2025-11-01,Coastal Cruiser,3
2027,2025-11-02,Summit Climber,1
2028,2025-11-02,Gravel Voyager,5
2029,2025-11-02,Coastal Cruiser,4
2030,2025-11-03,Metro Commuter,2
2031,2025-11-03,Metro Commuter,27
2032,2025-11-03,Summit Climber,1
2033,2025-11-04,Summit Climber,1
2034,2025-11-04,Metro Commuter,3
2035,2025-11-04,Trailhawk 700,3
2036,2025-11-05,Gravel Voyager,1
2037,2025-11-05,Trailhawk 700,2
2038,2025-11-05,Gravel Voyager,4
2039,2025-11-05,Trailhawk 700,1
2040,2025-11-05,Gravel Voyager,1
2041,2025-11-05,Metro Commuter,1
2042,2025-11-06,Gravel Voyager,2
2043,2025-11-06,Metro Commuter,1
2044,2025-11-06,Metro Commuter,15
2045,2025-11-06,Kids Explorer 20,1
2046,2025-11-07,Gravel Voyager,3
2047,2025-11-07,Metro Commuter,1
2048,2025-11-07,Summit Climber,1
2049,2025-11-08,Gravel Voyager,2
2050,2025-11-08,Summit Climber,2
2051,2025-11-09,Coastal Cruiser,2
2052,2025-11-10,Trailhawk 700,3
2053,2025-11-10,Metro Commuter,1
2054,2025-11-10,Summit Climber,4
2055,2025-11-11,Kids Explorer 20,1
2056,2025-11-11,Coastal Cruiser,1
2057,2025-11-12,Trailhawk 700,1
2058,2025-11-13,Gravel Voyager,2
2059,2025-11-13,Coastal Cruiser,2
2060,2025-11-14,Trailhawk 700,4
2061,2025-11-15,Summit Climber,1
2062,2025-11-15,Metro Commuter,4
2063,2025-11-15,Trailhawk 700,25
2064,2025-11-15,Coastal Cruiser,2
2065,2025-11-15,Summit Climber,20
2066,2025-11-16,Kids Explorer 20,2
2067,2025-11-16,Metro Commuter,1
2068,2025-11-16,Kids Explorer 20,2
2069,2025-11-17,Summit Climber,4
2070,2025-11-17,Kids Explorer 20,2
2071,2025-11-17,Metro Commuter,5
2072,2025-11-17,Summit Climber,44
2073,2025-11-18,Gravel Voyager,1
2074,2025-11-18,Trailhawk 700,3
2075,2025-11-18,Coastal Cruiser,4
2076,2025-11-18,Gravel Voyager,1
2077,2025-11-18,Coastal Cruiser,3
2078,2025-11-19,Coastal Cruiser,16
2079,2025-11-19,Kids Explorer 20,3
2080,2025-11-19,Trailhawk 700,1
2081,2025-11-19,Trailhawk 700,2
2082,2025-11-19,Summit Climber,4
2083,2025-11-20,Gravel Voyager,1
2084,2025-11-20,Summit Climber,2
2085,2025-11-20,Summit Climber,4
2086,2025-11-20,Coastal Cruiser,1
2087,2025-11-20,Trailhawk 700,5
2088,2025-11-21,Coastal Cruiser,3
2089,2025-11-21,Trailhawk 700,1
2090,2025-11-21,Trailhawk 700,2
2091,2025-11-22,Trailhawk 700,2
2092,2025-11-22,Trailhawk 700,2
2093,2025-11-23,Kids Explorer 20,2
2094,2025-11-23,Gravel Voyager,2
2095,2025-11-23,Trailhawk 700,1
2096,2025-11-23,Summit Climber,40
2097,2025-11-23,Metro Commuter,1
2098,2025-11-23,Summit Climber,1
2099,2025-11-24,Metro Commuter,5
2100,2025-11-24,Gravel Voyager,3
2101,2025-11-24,Coastal Cruiser,2
2102,2025-11-24,Gravel Voyager,30
2103,2025-11-24,Kids Explorer 20,1
2104,2025-11-25,Coastal Cruiser,4
2105,2025-11-25,Coastal Cruiser,1
2106,2025-11-25,Gravel Voyager,2
2107,2025-11-25,Coastal Cruiser,2
2108,2025-11-27,Metro Commuter,1
2109,2025-11-28,Gravel Voyager,1
2110,2025-11-28,Trailhawk 700,2
2111,2025-11-28,Metro Commuter,22
2112,2025-11-28,Kids Explorer 20,3
2113,2025-11-28,Summit Climber,1
2114,2025-11-28,Kids Explorer 20,1
2115,2025-11-29,Metro Commuter,3
2116,2025-11-29,Kids Explorer 20,3
2117,2025-11-29,Kids Explorer 20,1
2118,2025-11-29,Metro Commuter,37
2119,2025-11-30,Coastal Cruiser,1
2120,2025-12-01,Kids Explorer 20,4
2121,2025-12-01,Trailhawk 700,17
2122,2025-12-02,Summit Climber,10
2123,2025-12-02,Metro Commuter,2
2124,2025-12-02,Trailhawk 700,3
2125,2025-12-02,Coastal Cruiser,1
2126,2025-12-03,Kids Explorer 20,4
2127,2025-12-03,Coastal Cruiser,2
2128,2025-12-04,Metro Commuter,1
2129,2025-12-04,Trailhawk 700,1
2130,2025-12-04,Metro Commuter,2
2131,2025-12-04,Summit Climber,4
2132,2025-12-06,Metro Commuter,1
2133,2025-12-07,Metro Commuter,4
2134,2025-12-07,Summit Climber,1
2135,2025-12-07,Kids Explorer 20,1
2136,2025-12-08,Summit Climber,1
2137,2025-12-08,Kids Explorer 20,3
2138,2025-12-08,Kids Explorer 20,5
2139,2025-12-08,Coastal Cruiser,2
2140,2025-12-08,Gravel Voyager,4
2141,2025-12-09,Metro Commuter,1
2142,2025-12-09,Kids Explorer 20,2
2143,2025-12-09,Trailhawk 700,1
2144,2025-12-10,Summit Climber,2
2145,2025-12-10,Kids Explorer 20,2
2146,2025-12-11,Metro Commuter,3
2147,2025-12-11,Metro Commuter,1
2148,2025-12-12,Metro Commuter,1
2149,2025-12-13,Summit Climber,1
2150,2025-12-13,Coastal Cruiser,5
2151,2025-12-14,Metro Commuter,1
2152,2025-12-14,Trailhawk 700,2
2153,2025-12-14,Kids Explorer 20,38
2154,2025-12-15,Coastal Cruiser,2
2155,2025-12-15,Trailhawk 700,1
2156,2025-12-15,Metro Commuter,4
2157,2025-12-15,Trailhawk 700,1
2158,2025-12-15,Gravel Voyager,5
2159,2025-12-16,Metro Commuter,1
2160,2025-12-16,Summit Climber,1
2161,2025-12-17,Metro Commuter,4
2162,2025-12-17,Coastal Cruiser,1
2163,2025-12-18,Gravel Voyager,1
2164,2025-12-19,Summit Climber,2
2165,2025-12-20,Coastal Cruiser,5
2166,2025-12-20,Trailhawk 700,21
2167,2025-12-20,Coastal Cruiser,5
2168,2025-12-20,Kids Explorer 20,4
2169,2025-12-21,Gravel Voyager,1
2170,2025-12-21,Summit Climber,1
2171,2025-12-21,Metro Commuter,4
2172,2025-12-22,Trailhawk 700,2
2173,2025-12-23,Coastal Cruiser,5
2174,2025-12-23,Trailhawk 700,1
2175,2025-12-23,Trailhawk 700,4
2176,2025-12-24,Summit Climber,1
2177,2025-12-25,Coastal Cruiser,4
2178,2025-12-25,Coastal Cruiser,1
2179,2025-12-25,Metro Commuter,5
2180,2025-12-26,Metro Commuter,3
2181,2025-12-26,Trailhawk 700,1
2182,2025-12-26,Gravel Voyager,1
2183,2025-12-26,Gravel Voyager,3
2184,2025-12-27,Trailhawk 700,2
2185,2025-12-27,Metro Commuter,1
2186,2025-12-27,Summit Climber,1
2187,2025-12-27,Metro Commuter,2
2188,2025-12-27,Gravel Voyager,1
2189,2025-12-28,Gravel Voyager,1
2190,2025-12-28,Kids Explorer 20,3
2191,2025-12-29,Metro Commuter,32
2192,2025-12-30,Metro Commuter,2
2193,2025-12-30,Kids Explorer 20,2
2194,2025-12-30,Coastal Cruiser,1
2195,2025-12-30,Metro Commuter,1
2196,2025-12-30,Kids Explorer 20,2
2197,2025-12-30,Trailhawk 700,18
2198,2025-12-31,Summit Climber,12
2199,2025-12-31,Trailhawk 700,3
2200,2025-12-31,Metro Commuter,2
